run_id,scenario,intensity,run,n_flows,total_throughput_mbps,max_flow_throughput_mbps,max_flow_txpackets,flow_concentration,delivery_ratio,overall_loss_ratio,monitor_owd_ms,monitor_pdv_ms,victim_startup_lag_ms,mean_owd_ms,mean_pdv_ms,telemetry_throughput_mbps,label_class,label_binary,e2e_delay_mean_ms,e2e_delay_median_ms,e2e_delay_p95_ms,e2e_delivered_n
mitm_i1.0_r1,mitm,1.0,1,4,12.57678438841162,12.369313823575911,21554,0.867503823553087,0.954233409610984,0.0245914835385977,32.475671886967575,11.095556626735792,11.22000000000023,10.90439433226182,2.932761698701755,0.0599124873779872,mitm,attack,33.4174,12.704,132.213,1251.0
mitm_i1.0_r2,mitm,1.0,2,5,12.880664055424118,12.676346246532376,26647,0.8966317843803627,0.8569023569023569,0.0837847841448231,53.14869782605204,18.06690963207229,31.83999999999987,31.65333976784977,12.362081802682429,0.0486656791345627,mitm,attack,53.4589,33.0743,174.946,1018.0
mitm_i1.0_r3,mitm,1.0,3,5,9.998646959068614,9.772941275418662,17441,0.8340985174557628,0.9539422326307572,0.0492109038737446,24.390667593843617,10.056767818851483,31.750000000000167,8.750480278355342,3.387140453527676,0.0570252222782444,mitm,attack,25.4106,9.13089,96.6387,1222.0
mitm_i1.0_r4,mitm,1.0,4,6,12.23307876246462,12.01513493024179,29921,0.8857083654016932,0.7664346481051817,0.2247646675744479,62.6093585387756,15.301540025365908,26.980000000000004,22.181601115597196,7.029662863692805,0.04189795966267,mitm,attack,64.199,17.4681,257.913,991.0
mitm_i1.0_r5,mitm,1.0,5,8,10.649296741428785,10.33719350360732,18170,0.7815726083964212,0.98814463544754,0.0117429456297315,18.951022519510435,7.321052097824163,5.25999999999982,7.402981191779229,4.632183281958075,0.0424592910434269,mitm,attack,19.9391,8.06489,78.6476,1667.0
mitm_i1.0_r6,mitm,1.0,6,4,10.014083913666,9.818700342311642,18613,0.8499474861865839,0.9758418740849196,0.0116443673227088,12.364340719008748,7.237201147870611,28.979999999999784,5.274782749215512,1.972452100354636,0.0441119501089144,mitm,attack,13.3738,6.60951,48.7578,1333.0
mitm_i1.0_r7,mitm,1.0,7,7,11.306147633913126,11.0605412710198,17015,0.8144655593317697,0.978244561140285,0.0150782633670001,21.99160599242562,9.909048031639111,19.90000000000025,7.825385494541409,4.979382537049089,0.0505051451034098,mitm,attack,22.8574,9.19578,94.2832,1304.0
mitm_i1.0_r8,mitm,1.0,8,5,12.02267343696469,11.80959226533346,22656,0.885,0.9106498194945848,0.1260546875,42.07390363546702,10.65928068335514,22.880000000000237,28.35939077504672,12.170282842839123,0.0584526897623245,mitm,attack,41.7171,2.07554,236.585,1009.0
mitm_i1.0_r9,mitm,1.0,9,8,9.72398081294419,9.406589066065765,17849,0.7644766146993318,0.9780979827089336,0.0149049169093712,20.423625203016705,7.145111343996474,184.49000000000024,7.396474047698596,4.165887324448942,0.049436556572137,mitm,attack,21.3284,6.17063,95.7213,1697.0
mitm_i1.0_r10,mitm,1.0,10,7,10.990519695493944,10.768557362716871,27507,0.8699516113729087,0.7681159420289855,0.2315696258578702,43.001641289674446,12.953632279534112,30.380000000000077,18.6104963586278,10.698072829137413,0.0682902285505856,mitm,attack,41.893,2.89493,185.304,1060.0
mitm_i2.0_r1,mitm,2.0,1,4,12.327840744482062,12.124258511231035,21554,0.8685175484546883,0.9252479023646072,0.0427126566466535,34.12784938130632,11.42400711781898,12.16000000000017,11.604480313469548,3.022769213409678,0.0599124873779872,mitm,attack,36.2142,13.1377,141.615,1213.0
mitm_i2.0_r2,mitm,2.0,2,5,12.706303647386653,12.500879847962274,26647,0.8970241702013061,0.8720538720538721,0.0950649700397226,48.69457117306382,17.338579164774018,33.10000000000013,19.003179698569767,9.081422206828677,0.0486656791345627,mitm,attack,49.8384,30.1977,177.59,1036.0
mitm_i2.0_r3,mitm,2.0,3,5,10.18214020647446,9.956465131931813,17441,0.8342182044291385,0.9531615925058547,0.0344860573013823,24.70354948986528,10.709375231691022,33.79999999999983,8.595668635962301,3.391105209922496,0.0570252222782444,mitm,attack,26.6848,12.2501,105.467,1221.0
mitm_i2.0_r4,mitm,2.0,4,6,11.50082506719002,11.263904405461252,29921,0.887889848363453,0.7076566125290024,0.285705807293985,88.63203368768347,18.26814594016746,28.64999999999984,24.34945533526046,5.784890012152277,0.04189795966267,mitm,attack,89.4662,13.4365,429.34,915.0
mitm_i2.0_r5,mitm,2.0,5,8,10.608747031803532,10.3009932252983,18170,0.781774373978143,0.97628927089508,0.0182858618019103,18.32842798984856,7.264351775410272,5.889999999999951,6.843395776486921,4.217763182490844,0.0424592910434269,mitm,attack,20.1693,9.42303,79.7047,1647.0
mitm_i2.0_r6,mitm,2.0,6,4,10.092424212889876,9.894699201806528,18613,0.849365702290773,0.9956076134699854,0.0039700647987587,13.94329411764706,6.925926470588236,29.29000000000004,5.33989292289331,1.8919756280075168,0.0441119501089144,mitm,attack,15.9322,7.35286,60.0001,1360.0
mitm_i2.0_r7,mitm,2.0,7,7,11.14737744582757,10.903610633803588,17015,0.8146215349260305,0.9692423105776444,0.0291568918466031,22.35825402795102,10.468083466360447,20.6000000000004,7.936118386880679,4.823161203285819,0.0505051451034098,mitm,attack,24.2442,10.4659,93.8601,1292.0
mitm_i2.0_r8,mitm,2.0,8,5,12.475787062653072,12.261943554463754,22656,0.8841365853658537,0.901624548736462,0.0975609756097561,33.94658237783238,10.523560833560834,23.800000000000043,24.06540304498628,10.759070195053932,0.0584526897623245,mitm,attack,34.605,3.39853,173.981,999.0
mitm_i2.0_r9,mitm,2.0,9,8,9.653423896899398,9.339594163626291,17849,0.7647058823529411,0.94178674351585,0.0240778030075832,20.3411386062649,7.8934860775616436,287.02000000000004,15.657438154579827,8.24447857881625,0.049436556572137,mitm,attack,21.8265,7.59321,84.6709,1634.0
mitm_i2.0_r10,mitm,2.0,10,7,11.340114489947725,11.120117094719888,27507,0.8706951126867561,0.7746376811594203,0.2108128640162066,49.908503552733706,10.733861186632964,31.30999999999995,17.255210326059302,9.20384752079732,0.0682902285505856,mitm,attack,51.6087,3.82604,239.913,1069.0
mitm_i5.0_r1,mitm,5.0,1,4,12.22819521906704,12.026209011832645,21554,0.8686225517852825,0.9069412662090008,0.0497299911340372,22.642966737054188,10.961617688220924,15.730000000000022,8.692650988636895,2.905649994895462,0.0599124873779872,mitm,attack,27.1711,13.3755,97.6195,1189.0
mitm_i5.0_r2,mitm,5.0,2,5,12.952635963702232,12.746837461714172,26647,0.8963301826499378,0.8526936026936027,0.0792155807460728,57.31338219705485,18.15188077050548,37.94000000000031,20.734696468891094,10.515806213734312,0.0486656791345627,mitm,attack,60.607,37.7655,189.374,1013.0
mitm_i5.0_r3,mitm,5.0,3,5,10.091307624457588,9.86618409039432,17441,0.8339788648209248,0.9437939110070258,0.0417921866781427,26.258714089667272,11.012518153867482,36.0999999999998,9.171159199962988,3.5413055275495706,0.0570252222782444,mitm,attack,31.1836,14.4404,119.03,1209.0
mitm_i5.0_r4,mitm,5.0,4,6,12.503057993172524,12.29261071060762,29921,0.8859968612122827,0.6976024748646559,0.2125788398329928,57.149452046631,15.531219060105338,32.41000000000005,22.673865581730794,7.348265137856452,0.04189795966267,mitm,attack,53.0215,15.5285,203.718,902.0
mitm_i5.0_r5,mitm,5.0,5,8,10.6759967136601,10.3665963941603,18170,0.7819089422497634,0.966212211025489,0.0112746363714605,16.74019872286456,7.426943797192072,10.219999999999896,6.398135865852873,4.212805131617367,0.0424592910434269,mitm,attack,21.0894,12.0195,74.4164,1630.0
mitm_i5.0_r6,mitm,5.0,6,4,10.05814423502114,9.861293944911887,18613,0.8495207667731629,0.986822840409956,0.0073482428115015,13.612453804609473,7.4222752816365105,31.019999999999825,5.368080424622861,2.0201451604199563,0.0441119501089144,mitm,attack,18.5748,11.3468,60.1176,1348.0
mitm_i5.0_r7,mitm,5.0,7,7,11.29478301532512,11.050348388573488,17015,0.8148946360153256,0.9759939984996248,0.0184386973180076,23.043525865955388,10.083530715564535,23.74000000000009,8.63413226071269,5.4484307422208005,0.0505051451034098,mitm,attack,28.039,13.0328,101.215,1301.0
mitm_i5.0_r8,mitm,5.0,8,5,12.655420336734524,12.438365232090252,22656,0.884033088809115,0.9413357400722022,0.0841657562041517,27.90550402566868,11.228008477760364,27.87000000000006,18.56961362177457,10.818005690624464,0.0584526897623245,mitm,attack,32.8237,7.47687,138.972,1043.0
mitm_i5.0_r9,mitm,5.0,9,8,9.680953035084777,9.364875704446735,17849,0.7646403632780705,0.9585014409221904,0.019020691427837,19.15595028639727,7.758536787988247,200.0600000000001,8.290799685318419,5.177410871339848,0.049436556572137,mitm,attack,23.9972,11.4618,85.6015,1663.0
mitm_i5.0_r10,mitm,5.0,10,7,10.799302783682537,10.58697142637351,27507,0.8715227171915595,0.7086956521739131,0.2443127811925733,45.80085773479429,11.69274866271957,33.469999999999885,18.380907626352396,8.743851673321904,0.0682902285505856,mitm,attack,44.2049,7.53674,206.08,978.0
mitm_i10.0_r1,mitm,10.0,1,4,12.55616520423012,12.347289736512163,21554,0.8677133655394524,0.977116704805492,0.02487922705314,40.7124940692613,11.60643949127779,20.090000000000163,13.109437072595304,3.060374062459817,0.0599124873779872,mitm,attack,50.7729,23.092,216.948,1281.0
mitm_i10.0_r2,mitm,10.0,2,5,12.843201551993374,12.63756819404922,26647,0.8967223044824337,0.8712121212121212,0.0860479203122896,49.98682347350915,17.094344420685832,42.610000000000255,15.50718837942549,6.416786992557006,0.0486656791345627,mitm,attack,59.4179,37.7759,181.977,1035.0
mitm_i10.0_r3,mitm,10.0,3,5,10.370500433939425,10.143825618887236,17441,0.8336998087954111,0.9570647931303669,0.0192160611854684,26.020784184548454,10.45778027878864,40.68000000000005,8.462983364983916,3.134078083048176,0.0570252222782444,mitm,attack,35.7297,19.9354,122.064,1226.0
mitm_i10.0_r4,mitm,10.0,4,6,12.290103230401614,12.07784798570861,29921,0.8866795080752704,0.7238979118329466,0.2240331901022373,59.46349715099715,15.930776353276354,40.36000000000017,22.110746020460137,7.4206009913575555,0.04189795966267,mitm,attack,68.3778,26.9031,271.952,936.0
mitm_i10.0_r5,mitm,10.0,5,8,10.589118905089776,10.281866249312635,18170,0.7825150732127476,0.965026674570243,0.0214039621016365,19.741717946268373,8.328725680004538,10.969999999999924,8.404516119854067,5.396005945577144,0.0424592910434269,mitm,attack,29.4818,18.3018,91.2812,1628.0
mitm_i10.0_r6,mitm,10.0,6,4,9.985700074442647,9.791593725286646,18613,0.8503746345029239,0.9685212298682284,0.0142086988304093,17.319984792184407,8.553671928208232,33.98999999999974,6.71597003287848,2.304904763191333,0.0441119501089144,mitm,attack,27.2896,16.2511,77.5204,1323.0
mitm_i10.0_r7,mitm,10.0,7,7,11.191106376303036,10.94665723463437,17015,0.8146215349260305,0.9737434358589648,0.0257576482979843,23.07377765547089,10.57004005224512,25.940000000000296,8.789235728125169,5.337332429179512,0.0505051451034098,mitm,attack,33.1082,20.1731,107.052,1298.0
mitm_i10.0_r8,mitm,10.0,8,5,12.317245372445411,12.10651428991392,22656,0.8841020838211192,0.8655234657039711,0.1091469601186295,39.49215449315996,12.417537100594576,30.180000000000096,22.730643967639605,10.348017768354485,0.0584526897623245,mitm,attack,45.8516,13.6014,230.909,959.0
mitm_i10.0_r9,mitm,10.0,9,8,9.747353095314958,9.430916320478186,17849,0.7641820439268742,0.9740634005763688,0.0150704285653123,23.96440733520797,8.176360463712111,119.50000000000038,8.809255885556942,4.8602604303919845,0.049436556572137,mitm,attack,33.8184,17.9181,110.525,1690.0
mitm_i10.0_r10,mitm,10.0,10,7,10.736855519455892,10.51902961797488,27507,0.8712190795933235,0.7659420289855072,0.2458746397238146,42.77440960412213,12.037147579327796,36.37000000000023,17.70817157377209,9.311998099637998,0.0682902285505856,mitm,attack,50.7852,15.6884,198.878,1057.0
relay_i0.0_r1,relay,0.0,1,4,12.391535645992631,12.187480100276307,21554,0.8686575585378632,0.9359267734553776,0.0373997501309797,31.973541396998897,10.69526673300656,8.640000000000203,10.838276706082173,2.8343888706007463,0.0599124873779872,relay,attack,31.3386,9.01826,137.37,1227.0
relay_i0.0_r2,relay,0.0,2,5,13.039596216166462,12.829678906991283,26647,0.8963000336360578,0.904040404040404,0.072452068617558,50.86603817504656,16.64004431091998,29.47999999999995,23.662291825322956,10.059131458126132,0.0486656791345627,relay,attack,50.9302,27.3229,179.453,1074.0
relay_i0.0_r3,relay,0.0,3,5,10.173103118336297,9.946532830082848,17441,0.8336201127999235,0.9531615925058547,0.0353694675461237,25.66011669123669,9.87984376085176,31.22999999999987,8.531282727203735,2.9834214015598173,0.0570252222782444,relay,attack,25.3278,6.68752,115.125,1221.0
relay_i0.0_r4,relay,0.0,4,6,11.630837538324249,11.421871896530668,29921,0.8874421639577649,0.6929621036349575,0.2607070826907106,46.543526785714285,14.346842912946428,25.9999999999998,23.194346203626903,6.933169351943078,0.04189795966267,relay,attack,42.7343,5.24741,189.219,896.0
relay_i0.0_r5,relay,0.0,5,8,10.74819858978056,10.434482254412782,18170,0.7812365637630063,0.996443390634262,0.0034396766703929,15.558431597524944,6.472622650667443,4.729999999999901,6.460867071580857,4.449916823547608,0.0424592910434269,relay,attack,15.5312,5.21969,69.0553,1681.0
relay_i0.0_r6,relay,0.0,6,4,9.989326074061433,9.79236546617045,18613,0.8495595417408371,0.9890190336749634,0.0131452827605093,8.835279200045887,5.7117441228446335,28.68999999999966,4.223551533926412,1.591311167025226,0.0441119501089144,relay,attack,8.79865,3.57698,34.3761,1351.0
relay_i0.0_r7,relay,0.0,7,7,11.0412832261023,10.799753348884842,17015,0.8155586444902458,0.9579894973743436,0.0371950342711978,20.66598532975548,9.212089349492391,19.200000000000102,8.901062894827659,5.631307740877302,0.0505051451034098,relay,attack,20.5672,5.86971,85.7546,1277.0
relay_i0.0_r8,relay,0.0,8,5,12.39244424888057,12.177158837826072,22656,0.8841365853658537,0.9178700361010832,0.1016975609756097,30.14225775453652,10.061247541789577,21.43000000000006,17.512867259719563,8.688248379458079,0.0584526897623245,relay,attack,29.7623,1.16999,137.988,1017.0
relay_i0.0_r9,relay,0.0,9,8,9.618722075979411,9.306816494454669,17849,0.7652304394426581,0.9406340057636888,0.0272668810289389,20.103019533571004,7.0503903000594175,175.34000000000026,7.361235430764526,3.920094470962152,0.049436556572137,relay,attack,19.8009,3.87086,95.359,1632.0
relay_i0.0_r10,relay,0.0,10,7,11.160861772989945,10.940688031685877,27507,0.8703369719981016,0.7724637681159421,0.2205030849549122,31.99827180497912,10.766539661783565,29.870000000000285,13.826084065711449,7.2501656410426945,0.0682902285505856,relay,attack,30.8994,1.79795,139.369,1066.0
relay_i0.0_r11,relay,0.0,11,8,10.67089646280745,10.424408437430635,18535,0.8271230309250748,0.7650360866078588,0.1194163059485028,55.02229104260897,16.1497213768851,1021.5800000000002,16.81316044345006,8.30380883514319,0.0409817530310146,relay,attack,52.1073,21.1784,199.524,954.0
relay_i0.0_r12,relay,0.0,12,8,10.956742941277236,10.686139361217869,24290,0.8275133717166899,0.7144456886898096,0.1859094470752563,33.36536832839329,9.927454340127424,1065.2500000000002,19.13099965158978,9.906518645417313,0.0467867097541576,relay,attack,31.8633,2.08148,140.374,1276.0
relay_i0.0_r13,relay,0.0,13,8,11.109621246020886,10.884711854131451,22188,0.8569773280290448,0.6410018552875696,0.1790197365880035,54.11062778175869,18.210670307248225,2067.42,22.2577431250475,9.025946408567924,0.0501714232355772,relay,attack,53.4824,17.6316,191.11,691.0
relay_i0.0_r14,relay,0.0,14,6,11.433704242801758,11.186700541072716,20709,0.8325895549390906,0.8404189772027111,0.0847505327061472,42.35541717266938,12.438417268818595,1160.45,15.190040961529665,5.610854834799156,0.0579617619403525,relay,attack,42.3735,14.7872,169.408,1364.0
relay_i0.0_r15,relay,0.0,15,4,13.2651623109758,13.086017953960967,22883,0.8914644123261521,0.756266205704408,0.1476489150336982,49.94492759132759,15.305013495693496,1011.44,18.001285411397696,4.025529502955632,0.0456733679217712,relay,attack,46.5734,8.79432,188.044,875.0
relay_i0.0_r16,relay,0.0,16,5,12.3121644749066,12.0939872855773,19182,0.8520788912579957,0.954513645906228,0.0281183368869936,26.52156511740754,9.7550064558324,23.40999999999971,8.844512857844478,3.5716708631962057,0.0419148111717189,relay,attack,26.1714,6.27584,116.941,1364.0
relay_i0.0_r17,relay,0.0,17,6,12.385223986183734,12.140261589919152,19853,0.8307389739727173,0.9047619047619048,0.0174910034312494,17.71363755623083,8.407152955010567,1020.26,6.675170734663255,4.117776495695986,0.058157386539779,relay,attack,17.7124,4.97432,77.1788,1292.0
relay_i0.0_r18,relay,0.0,18,5,12.44228030031487,12.210491346079728,24402,0.8748117874811787,0.8793840889649273,0.0767548576754857,51.0142484876026,14.646268070663751,23.320000000000007,20.82726191082116,6.057024228058393,0.0461724218709162,relay,attack,51.104,20.0975,211.764,1028.0
relay_i0.0_r19,relay,0.0,19,5,12.43252000608312,12.230449622134806,23403,0.8826657614844987,0.978620019436346,0.0096175605340574,15.783988615510856,8.239846306472943,18.78999999999964,5.2037091371983175,2.264407969268017,0.0525470853506991,relay,attack,15.5362,5.05863,77.3224,1007.0
relay_i0.0_r20,relay,0.0,20,7,13.326217471495015,13.090875762731429,24816,0.8444262964475296,0.7706470278800631,0.1368926092282564,48.71620961658057,10.162836837842288,1019.94,22.286304263309347,10.442704052998282,0.0476084845638849,relay,attack,48.0156,6.16471,196.477,1465.0
relay_i0.0_r21,relay,0.0,21,4,10.490412315318736,10.300906120939407,17588,0.8590826942802716,0.9829642248722316,0.0185610316025985,18.62818353522927,8.688735793201092,16.450000000000298,6.949770459343756,2.348559615818267,0.0478245430102981,relay,attack,18.6473,4.77021,92.9518,1154.0
relay_i0.0_r22,relay,0.0,22,6,12.113435014254897,11.833369200626684,18522,0.7892785613840713,0.8895917193789534,0.0563770400988622,53.328875187623936,9.865303485148948,28.750000000000053,17.255816090249535,5.825789731978476,0.0483610624450815,relay,attack,51.5163,14.0129,255.154,1547.0
relay_i0.0_r23,relay,0.0,23,4,12.187347458698069,12.005940151960727,19912,0.8807501769285209,0.8757115749525617,0.0780254777070063,47.17389316908096,18.094168840201704,18.510000000000023,16.280464196317215,4.729828111905014,0.0538375622732885,relay,attack,47.2493,19.6758,192.465,923.0
relay_i0.0_r24,relay,0.0,24,4,14.068217356503744,14.01226344756788,21642,0.9201530612244898,0.0,0.144812925170068,,,,10.32977768995476,4.420127508311056,0.0545407731087419,relay,attack,,,,0.0
relay_i0.0_r25,relay,0.0,25,6,11.053716773213168,10.810366587337167,25358,0.8612865973778955,0.757736516357206,0.2331023707628557,63.38981746274652,18.284692001262503,1022.99,23.70482563071153,7.194373994912403,0.059679480221151,relay,attack,61.5972,8.03157,289.445,857.0
relay_i0.0_r26,relay,0.0,26,6,10.543630772242068,10.32996162211898,15170,0.83691934238111,0.993993993993994,0.0030894847180845,8.672155085599194,5.4235548841893255,13.38000000000017,3.6536542490615607,1.9845502032058215,0.0492779443128181,relay,attack,8.67215,1.41612,39.4763,993.0
relay_i0.0_r27,relay,0.0,27,5,13.264720247493674,13.020984674626677,23275,0.8670789405059047,0.9158950617283952,0.0194464106098424,28.14506724470619,11.651336039697457,1064.0,8.388885518774723,3.22852923064087,0.0421483208978293,relay,attack,26.7837,11.7556,94.7284,1187.0
relay_i0.0_r28,relay,0.0,28,7,11.48014030577907,11.201806740586647,24207,0.8522691265007217,0.7584033613445378,0.0981586452135337,31.59972525904538,10.577740361197572,2011.4299999999996,15.851303030229188,8.490229881650713,0.0490874665971049,relay,attack,28.1517,2.4889,114.156,1083.0
relay_i0.0_r29,relay,0.0,29,7,12.15415921836122,11.93690044189382,19731,0.8355282659326699,0.8562793821356616,0.1137412661443997,37.890394635177486,10.839415525912967,5.770000000000053,16.48413042200686,8.851124662193657,0.0408351531011907,relay,attack,37.3843,4.24944,167.102,1275.0
relay_i0.0_r30,relay,0.0,30,8,11.19074928348892,10.887004795475978,17875,0.7962138084632516,0.8742352141400408,0.1013363028953229,50.03513370009797,12.38048725344441,256.1899999999997,20.66011141233525,10.430535048968856,0.0556092448917548,relay,attack,49.4608,6.19995,224.644,1286.0
relay_i0.0_r31,relay,0.0,31,4,11.89932483170703,11.682538570661553,16987,0.8375819732754796,0.9479553903345724,0.0141018687441447,23.933321436439744,8.438142938973343,31.910000000000327,8.398124613364946,2.298315473578229,0.0511573177416407,relay,attack,23.6081,4.66561,115.048,1275.0
relay_i0.0_r32,relay,0.0,32,5,10.59236089302524,10.360149429137282,20098,0.8314922841421538,0.8508825319537432,0.0890736833395391,34.17168640076859,11.008785182791826,19.610000000000127,10.775234949727148,3.090190665398024,0.0603797810847374,relay,attack,34.3198,15.0122,145.279,1398.0
relay_i0.0_r33,relay,0.0,33,8,10.975924627556346,10.716302617636858,20422,0.8251313131313132,0.9839255499153976,0.025010101010101,16.6829023389855,7.6581961022316145,15.210000000000168,6.55542486612383,3.1705021167655043,0.0461277916685627,relay,attack,16.6853,2.53448,82.9576,1163.0
relay_i0.0_r34,relay,0.0,34,5,11.159877687213308,10.8963136833687,17273,0.8070363967668084,0.872579637726421,0.0491052656169695,35.33241263502349,11.12255768268201,1075.84,13.969458292591394,6.702760069513184,0.0566205673398995,relay,attack,34.8328,6.62428,138.47,1397.0
relay_i0.0_r35,relay,0.0,35,7,11.621857558000976,11.351962009735422,20379,0.8027653037107066,0.8511348464619493,0.0705506972346962,47.03673188569364,10.6830050471762,1017.63,17.969179599386123,7.593661860125187,0.0583402065135721,relay,attack,47.013,4.16795,230.309,1275.0
relay_i0.0_r36,relay,0.0,36,7,10.91212555264564,10.67661043608931,22687,0.8290820055547434,0.7636761487964989,0.1717219704721532,38.53737925189367,9.705530192345885,30.2699999999998,19.97777046971621,11.34522155338421,0.0523656577678066,relay,attack,34.3948,5.70202,153.526,1396.0
relay_i0.0_r37,relay,0.0,37,7,13.095312303760508,12.865727130457165,26247,0.8662948049376197,0.8410596026490066,0.0999075846590534,50.87391984247725,13.27148039700373,25.270000000000348,18.39103451361109,8.076989404854931,0.048552077953548,relay,attack,45.2694,21.5508,166.804,1143.0
relay_i0.0_r38,relay,0.0,38,8,10.883010194270511,10.580244429394538,18271,0.7975816308713113,0.9695467422096318,0.0196874454339095,21.53290678261072,9.780619274958845,18.66000000000012,7.639934328124,4.924243962382523,0.0431151087491365,relay,attack,21.4411,7.29501,82.3105,1369.0
relay_i0.0_r39,relay,0.0,39,8,12.533412813294222,12.244346057737214,22368,0.822594880847308,0.9401603948180136,0.0380626654898499,21.75695424271388,9.674137335073,29.520000000000213,10.25119650971552,7.326543954438585,0.0482960833506025,relay,attack,21.4904,9.14536,83.6736,1524.0
relay_i0.0_r40,relay,0.0,40,5,11.916364097572846,11.721252304194092,27763,0.8907819167709436,0.6987307949231797,0.2197516604100491,54.11288681346043,13.796582190568806,17.140000000000377,22.19795606435491,9.085630112432176,0.0429649227896,relay,attack,54.1238,12.7057,238.471,1046.0
relaypos_i5.0_r1,relaypos,5.0,1,4,12.767271273936355,12.55583627601488,21554,0.8668758043758044,0.9938977879481312,0.0097329472329472,16.586809314111466,7.3037112158754525,9.180000000000188,6.750778313518486,1.9803602617549796,0.0599124873779872,relaypos,attack,16.4517,4.54225,80.216,1303.0
relaypos_i5.0_r2,relaypos,5.0,2,5,13.16994658104612,12.954710914488896,26647,0.895276172557452,0.9335016835016836,0.0629955651122161,41.90281569012537,13.578671365647086,20.98000000000022,25.315886428362464,12.935074061088107,0.0486656791345627,relaypos,attack,39.556,19.4354,145.245,1109.0
relaypos_i5.0_r3,relaypos,5.0,3,5,10.508523399058506,10.276355481150402,17441,0.8325059665871122,0.9976580796252928,0.0066825775656324,12.767754303599377,6.376658841940532,19.449999999999967,5.623970598266316,2.196739830167414,0.0570252222782444,relaypos,attack,12.7677,3.72164,58.6042,1278.0
relaypos_i5.0_r4,relaypos,5.0,4,6,12.57590643199093,12.347749233554383,29921,0.8850010352273063,0.8298530549110595,0.2025791948889349,35.87478951491856,11.108441730403884,17.819999999999947,23.358575053244905,6.847988209600788,0.04189795966267,relaypos,attack,35.1678,8.8856,152.524,1073.0
relaypos_i5.0_r5,relaypos,5.0,5,8,10.770305360870552,10.456457007935986,18170,0.7811358067151025,1.0,0.0029233480933751,9.039472436277416,4.21756372258447,13.909999999999645,5.81877264836459,4.33998004984462,0.0424592910434269,relaypos,attack,9.03949,2.86485,41.0441,1687.0
relaypos_i5.0_r6,relaypos,5.0,6,4,10.07776392080427,9.880021960413725,18613,0.849365702290773,0.9956076134699854,0.004882723373186,5.908713235294118,3.765955882352941,21.179999999999755,3.2214697954268137,1.09948108381209,0.0441119501089144,relaypos,attack,5.90872,2.04157,24.0891,1360.0
relaypos_i5.0_r7,relaypos,5.0,7,7,11.28138918606519,11.03532077096179,17015,0.814309643455372,0.986496624156039,0.0181383106006221,8.377588438301437,5.321912688566963,14.99000000000006,5.453388048865297,3.8379213971014834,0.0505051451034098,relaypos,attack,8.27318,3.00189,34.8112,1315.0
relaypos_i5.0_r8,relaypos,5.0,8,5,12.683685594655962,12.46753355596766,22656,0.8845162801592878,0.9386281588447654,0.0826891543687046,16.721022037173352,8.835120215311004,21.480000000000388,20.66887053651668,11.500399018055704,0.0584526897623245,relaypos,attack,16.6765,0.655722,90.5672,1040.0
relaypos_i5.0_r9,relaypos,5.0,9,8,9.857901928124484,9.53703268780775,17849,0.7637242736725001,0.9959654178674352,0.0024817080997817,5.639118047522652,3.232294849704389,86.03000000000006,5.745769916411016,4.380408073605393,0.049436556572137,relaypos,attack,5.63852,1.6635,22.261,1728.0
relaypos_i5.0_r10,relaypos,5.0,10,7,11.561745016091391,11.32861732613049,27507,0.8690171547720595,0.8724637681159421,0.1923672321738855,34.76769250825189,9.794646297670116,22.549999999999848,25.65076851903263,12.957305758265004,0.0682902285505856,relaypos,attack,34.8964,3.08688,177.072,1204.0
relaypos_i5.0_r11,relaypos,5.0,11,8,10.923480155513044,10.665275047984412,18535,0.8232289584721297,0.9198075380914194,0.093892960248723,41.069776779003696,10.381930117548029,19.320000000000004,18.230862399277544,8.184983674611109,0.0409817530310146,relaypos,attack,39.8862,10.3576,208.644,1147.0
relaypos_i5.0_r12,relaypos,5.0,12,8,11.395289322376192,11.10262477022456,24290,0.8250399103291328,0.8756998880179171,0.1470738086342176,30.980223039869458,8.344075800605651,175.66000000000014,25.86436388288704,13.074220057965585,0.0467867097541576,relaypos,attack,30.496,3.84592,139.871,1564.0
relaypos_i5.0_r13,relaypos,5.0,13,8,12.650164217424136,12.395123848069346,22188,0.8537129665255868,0.935064935064935,0.0656406310119276,32.141818783068786,11.337284356725148,59.98999999999999,13.646034078724144,6.769713920072396,0.0501714232355772,relaypos,attack,32.3094,13.8213,139.731,1008.0
relaypos_i5.0_r14,relaypos,5.0,14,6,11.48483121323466,11.230623334817135,20709,0.8276316841179762,0.9408502772643254,0.0734153944528814,19.61036585448187,8.200719311837105,7.27000000000011,8.177408795629171,3.8187391163705406,0.0579617619403525,relaypos,attack,19.5981,6.32299,85.6416,1527.0
relaypos_i5.0_r15,relaypos,5.0,15,4,13.516890427124666,13.327137367143155,22883,0.8882462541728127,0.9031979256698358,0.1265817871283285,30.7570866913082,10.031769065058164,16.719999999999846,13.9933989186447,2.6936471410998504,0.0456733679217712,relaypos,attack,30.8584,2.60974,151.156,1045.0
relaypos_i5.0_r16,relaypos,5.0,16,5,12.566159255258974,12.343134872417984,19182,0.851133691263256,0.9902029391182644,0.0066113502240759,8.437625441696113,4.912042402826855,19.01999999999981,3.802707233587321,1.669804051691703,0.0419148111717189,relaypos,attack,8.43763,2.183,37.3912,1415.0
relaypos_i5.0_r17,relaypos,5.0,17,6,12.52124026419169,12.269518527325111,19853,0.8263131607425289,0.9985994397759104,0.0021643219845167,5.827854137447406,4.029593267882188,17.059999999999853,3.982372992111584,2.9462161443669443,0.058157386539779,relaypos,attack,5.82786,2.18848,21.4472,1426.0
relaypos_i5.0_r18,relaypos,5.0,18,5,12.91747767439914,12.675191894149918,24402,0.873559103601346,0.9597946963216424,0.0420992339084986,22.25549201626873,10.14987804724963,19.829999999999792,13.41920933747818,4.947866004914191,0.0461724218709162,relaypos,attack,22.2388,8.80656,89.3179,1122.0
relaypos_i5.0_r19,relaypos,5.0,19,5,12.511797950476272,12.308129907765082,23403,0.8823995173817962,0.9941690962099126,0.0036573410753336,7.128102588849833,4.567335813771094,16.64999999999983,3.3210214420933237,1.5576168110040471,0.0525470853506991,relaypos,attack,7.05172,2.76017,28.8399,1023.0
relaypos_i5.0_r20,relaypos,5.0,20,7,13.93275674811297,13.682617605437102,24816,0.8392005681241758,0.9163598106259864,0.0951946163470968,35.495497684438654,8.134799597518029,123.32000000000008,17.11994074800641,9.030234733162713,0.0476084845638849,relaypos,attack,35.7587,8.31806,173.034,1742.0
relaypos_i5.0_r21,relaypos,5.0,21,4,10.622766182993352,10.432283909446356,17588,0.8588729368102354,0.9906303236797276,0.007617931438617,5.982717110920035,3.5922613929492693,17.23000000000008,3.3797560917579057,1.0647238932123788,0.0478245430102981,relaypos,attack,5.98272,2.1313,21.466,1163.0
relaypos_i5.0_r22,relaypos,5.0,22,6,12.471694071979966,12.180308390160384,18522,0.7875669699804405,0.9574468085106383,0.0292967089038183,26.099472860999576,7.174578089539922,30.010000000000318,14.21907123738356,7.107288962552629,0.0483610624450815,relaypos,attack,25.7348,7.54735,113.075,1665.0
relaypos_i5.0_r23,relaypos,5.0,23,4,13.10688129051432,12.911969475412546,19912,0.8777993299241756,0.9905123339658444,0.0096543819432198,17.9683855400544,9.759823528121435,10.940000000000172,7.428534787264639,2.6257841822892027,0.0538375622732885,relaypos,attack,17.9401,7.17876,76.7325,1044.0
relaypos_i5.0_r24,relaypos,5.0,24,5,13.859854866649128,13.669634353161246,21642,0.8786131860993829,0.9060955518945636,0.1148911984410522,50.98718410725965,11.400906376716808,18.35999999999993,18.507353783976583,7.446982897279118,0.0545407731087419,relaypos,attack,51.1468,6.29521,250.621,1100.0
relaypos_i5.0_r25,relaypos,5.0,25,6,11.868138186512324,11.611551277742109,25358,0.859651501796732,0.8647214854111406,0.1781137704251135,41.53832715080611,11.71183555666524,17.799999999999816,22.68726384227008,7.046231467489935,0.059679480221151,relaypos,attack,39.9416,9.68667,206.369,978.0
relaypos_i5.0_r26,relaypos,5.0,26,6,10.05255757482757,9.84392121006168,15170,0.8377512701568367,0.945945945945946,0.0440136956041528,13.807641025641026,4.919435409035408,17.939999999999845,16.470285114803147,7.879784810481111,0.0492779443128181,relaypos,attack,6.26086,0.69408,23.9953,945.0
relaypos_i5.0_r27,relaypos,5.0,27,5,13.435580170003169,13.189396904465395,23275,0.8667237655470321,0.9891975308641976,0.004580323229314,8.95214839410697,5.963380242447052,51.27000000000015,3.9941747823665983,1.8463267540541577,0.0421483208978293,relaypos,attack,8.92359,5.10681,33.0602,1282.0
relaypos_i5.0_r28,relaypos,5.0,28,7,11.255974152128296,10.97952846239508,24207,0.8489216201998948,0.8823529411764706,0.1073470103454322,18.66424697086878,7.612231226752108,20.569999999999755,20.384631186035843,11.434681870340151,0.0490874665971049,relaypos,attack,18.1923,0.918088,86.0241,1260.0
relaypos_i5.0_r29,relaypos,5.0,29,7,12.817770359973949,12.590185376667646,19731,0.8332699860636007,0.9220953660174612,0.0682883567718231,39.5278191854776,9.44935915044116,5.230000000000068,18.2980823389976,10.371960410638405,0.0408351531011907,relaypos,attack,37.3956,5.81974,167.221,1373.0
relaypos_i5.0_r30,relaypos,5.0,30,8,12.016811824708146,11.695872247237896,17875,0.7934922537399565,0.9687287559483344,0.04052914280641,19.09266615461517,7.501835904563355,60.06999999999962,19.216014306924706,12.39917404463619,0.0556092448917548,relaypos,attack,18.8811,3.84178,95.863,1425.0
relaypos_i5.0_r31,relaypos,5.0,31,4,18.65933051787507,18.437526987242457,16987,0.8371691883100882,1.0,0.8331279877778326,1.039931598513011,0.3465710037174721,21.689999999999987,10.779402141703413,0.291230250929368,0.0511573177416407,relaypos,attack,1.03993,0.592874,1.00711,1345.0
relaypos_i5.0_r32,relaypos,5.0,32,5,11.104789792145034,10.857773855714774,20098,0.8284760295148192,0.9506999391357274,0.046127210519807,20.251690882177325,7.703272595122196,17.33999999999991,8.067080741136461,3.283062293362966,0.0603797810847374,relaypos,attack,20.1856,7.28289,82.1947,1562.0
relaypos_i5.0_r33,relaypos,5.0,33,8,11.106590220003746,10.843078853378769,20422,0.8246981383515729,0.9974619289340102,0.0115494891572103,6.612900763358779,3.792951653944021,14.619999999999855,4.042813655420368,2.3189385346067213,0.0461277916685627,relaypos,attack,6.6129,1.19114,25.2595,1179.0
relaypos_i5.0_r34,relaypos,5.0,34,5,11.332685268302528,11.063458162411672,17273,0.80332062133755,0.9725171767645222,0.0307878336898893,22.42950695590605,7.251815751753472,22.780000000000022,16.392003199985517,8.733604050325397,0.0566205673398995,relaypos,attack,22.4225,4.02435,118.102,1557.0
relaypos_i5.0_r35,relaypos,5.0,35,7,12.06032279635652,11.78361328991716,20379,0.801502399119012,0.8798397863818425,0.039054511130339,19.634723514384145,7.724805782131143,1010.35,12.720912506461064,7.145070847314216,0.0583402065135721,relaypos,attack,19.0568,1.30719,80.2708,1318.0
relaypos_i5.0_r36,relaypos,5.0,36,7,11.922713994749117,11.668808343466468,22687,0.8272379216043756,0.8977024070021882,0.0976845943482224,31.74166369605339,8.211008580439302,18.17000000000002,16.974685333855632,11.022269421056327,0.0523656577678066,relaypos,attack,31.7449,10.1103,143.756,1641.0
relaypos_i5.0_r37,relaypos,5.0,37,7,13.9469409079875,13.700512813212857,26247,0.8645541684508712,0.9455481972038264,0.045488981850522,25.676267793012897,9.553004022950605,24.170000000000247,17.010399851782637,10.600598390640844,0.048552077953548,relaypos,attack,25.6351,10.2854,113.974,1285.0
relaypos_i5.0_r38,relaypos,5.0,38,8,10.978798321505264,10.670495091166512,18271,0.7968859036985345,0.993626062322946,0.0102058618283321,12.528895224518893,5.75615110477548,15.770000000000284,7.087662527924575,4.641582122149446,0.0431151087491365,relaypos,attack,12.5289,3.28265,61.2698,1403.0
relaypos_i5.0_r39,relaypos,5.0,39,8,12.789795413947788,12.495898953209798,22368,0.8217487141807495,0.9777914867365824,0.0214548126377663,15.889274447949528,7.984965299684543,20.79999999999993,19.915886479955976,11.864050162297568,0.0482960833506025,relaypos,attack,15.8893,6.68415,65.3945,1585.0
relaypos_i5.0_r40,relaypos,5.0,40,5,12.181850340387616,11.9669857927145,27763,0.8883022973059448,0.8503674014696059,0.1976067063415882,51.03696690377183,11.357931359619093,17.600000000000282,23.30791887843633,8.890537970213225,0.0429649227896,relaypos,attack,51.6508,15.3888,267.651,1273.0
relaypos_i6.0_r1,relaypos,6.0,1,4,12.57267178348245,12.364106940988211,21554,0.8678531164438718,0.9763539282990084,0.0233129328394266,13.859653737314598,6.748685816744731,13.870000000000273,6.074106998072342,1.8441730251659028,0.0599124873779872,relaypos,attack,13.8661,4.63343,61.9228,1280.0
relaypos_i6.0_r2,relaypos,6.0,2,5,13.326893702341296,13.112186473648602,26647,0.8956673725252933,0.9393939393939394,0.0525360492084299,26.36556403369745,11.821136102648786,25.590000000000224,23.141485375367232,10.331540912323192,0.0486656791345627,relaypos,attack,26.282,11.6212,117.975,1116.0
relaypos_i6.0_r3,relaypos,6.0,3,5,10.488268709199897,10.255906101859374,17441,0.8324662307288435,0.9984387197501952,0.0076845973939191,14.937169663799844,7.007286942924159,19.449999999999967,6.18898281565284,2.4801916521017926,0.0570252222782444,relaypos,attack,14.9372,4.30626,70.1544,1279.0
relaypos_i6.0_r4,relaypos,6.0,4,6,12.518450197996808,12.291882310054726,29921,0.8843471064609565,0.8259860788863109,0.2058875687178577,54.78435214519503,11.841693657883862,18.41999999999988,25.243720442479944,6.730559996414272,0.04189795966267,relaypos,attack,54.4301,11.8572,266.763,1068.0
relaypos_i6.0_r5,relaypos,6.0,5,8,10.713767077654978,10.40017521483142,18170,0.7813037495700035,0.995850622406639,0.0069659442724458,6.800644166525112,3.654910615197328,13.77000000000006,4.972335460272078,3.6561845469598064,0.0424592910434269,relaypos,attack,6.75778,2.34978,24.6898,1680.0
relaypos_i6.0_r6,relaypos,6.0,6,4,10.078281856807934,9.88000450834534,18613,0.8491719512751494,0.9992679355783308,0.0053378347552351,7.54981684981685,4.076915750915751,24.479999999999613,3.7465229262997006,1.1750947538072207,0.0441119501089144,relaypos,attack,7.54982,2.36345,34.6162,1365.0
relaypos_i6.0_r7,relaypos,6.0,7,7,11.390731703093993,11.144025900736546,17015,0.8140758815367686,0.986496624156039,0.0100952107554662,8.303148799000576,5.656385660786072,8.29000000000013,5.088680978738623,3.6090474876241503,0.0505051451034098,relaypos,attack,8.08912,2.92516,33.2959,1315.0
relaypos_i6.0_r8,relaypos,6.0,8,5,12.826939757913951,12.609194090108453,22656,0.8837572164144172,0.9350180505415162,0.072866281791231,26.74153365442025,8.323593782227803,19.240000000000368,16.787678819993978,8.175116346713146,0.0584526897623245,relaypos,attack,26.7362,0.656513,147.981,1036.0
relaypos_i6.0_r9,relaypos,6.0,9,8,9.874385109498942,9.552840461116611,17849,0.7636915967824748,0.9971181556195964,0.0008985110388499,7.057537572254336,3.750716763005781,114.77000000000004,5.530046756426303,3.752030441702757,0.049436556572137,relaypos,attack,7.05754,2.05274,28.0736,1730.0
relaypos_i6.0_r10,relaypos,6.0,10,7,11.827911884421736,11.605168764942542,27507,0.8713018688628444,0.8123188405797102,0.1781754830535318,31.532800010522138,7.928316295464727,22.380000000000067,22.872785861993357,11.469168478247283,0.0682902285505856,relaypos,attack,31.7163,1.04372,171.194,1121.0
relaypos_i7.0_r1,relaypos,7.0,1,4,12.722055121431731,12.514588561145509,21554,0.8681327533429999,0.9672006102212052,0.0131303367166102,14.048444947353552,6.055949773381143,19.70999999999989,5.760760571613434,1.6663439381034073,0.0599124873779872,relaypos,attack,14.0385,6.98099,57.2138,1268.0
relaypos_i7.0_r2,relaypos,7.0,2,5,13.639021741720793,13.420472736221624,26647,0.8947951645399597,0.9612794612794612,0.0312961719274681,25.952667075607916,10.003067601906247,26.229999999999976,22.55471949622199,10.132477702374576,0.0486656791345627,relaypos,attack,25.9208,14.4002,103.312,1142.0
relaypos_i7.0_r3,relaypos,7.0,3,5,10.461826236003958,10.230330322084626,17441,0.8325854496849341,0.990632318501171,0.009833874355547,13.28104913774576,5.957182073856689,24.439999999999795,5.319961664334739,2.1259201995078274,0.0570252222782444,relaypos,attack,13.2105,6.5428,52.0611,1269.0
relaypos_i7.0_r4,relaypos,7.0,4,6,13.694018570009147,13.462995809619116,29921,0.8835114864465836,0.8252126836813611,0.138900372054568,51.790028962414326,11.654278901344185,23.009999999999756,24.452939548506677,7.376430670917704,0.04189795966267,relaypos,attack,48.5764,23.7951,192.35,1067.0
relaypos_i7.0_r5,relaypos,7.0,5,8,10.469710313911712,10.155183908316909,18170,0.7811358067151025,1.0,0.0670220540819397,5.340752815649081,2.8927208061647898,18.12999999999976,4.460135756408949,3.362894259329777,0.0424592910434269,relaypos,attack,5.34075,3.66387,17.7449,1687.0
relaypos_i7.0_r6,relaypos,7.0,6,4,10.124103545902926,9.925844008007,18613,0.8491719512751494,0.9992679355783308,0.0011405629818878,7.067076923076923,3.882827838827839,19.96999999999982,3.423384863670409,1.124982337618628,0.0441119501089144,relaypos,attack,7.06708,4.56622,25.206,1365.0
relaypos_i7.0_r7,relaypos,7.0,7,7,11.472799037769276,11.225172314394865,17015,0.8140758815367686,0.9939984996249064,0.00344481125305,9.138374110989464,5.093901778731995,7.420000000000204,5.411017745116278,3.7131224175065847,0.0505051451034098,relaypos,attack,9.12662,5.84395,30.7122,1325.0
relaypos_i7.0_r8,relaypos,7.0,8,5,12.267168999891652,12.054185053603163,22656,0.8841710896034968,0.898014440433213,0.1113409303777708,30.823474338517237,8.987225797232608,16.17000000000024,15.931464487966377,8.030706985015048,0.0584526897623245,relaypos,attack,28.0318,0.795541,145.301,995.0
relaypos_i7.0_r9,relaypos,7.0,9,8,9.823644970149903,9.51105950586445,17849,0.7690219732873761,0.9014409221902018,0.0117621714778112,8.311548749934756,3.7964389125215305,1052.5900000000004,4.4063869637170265,3.1564047194278904,0.049436556572137,relaypos,attack,8.31333,2.46689,22.4908,1564.0
relaypos_i7.0_r10,relaypos,7.0,10,7,11.326061270549252,11.1009967809647,27507,0.8697590590020869,0.8079710144927537,0.2092265857206096,37.06823190792524,9.294831106017275,25.71000000000012,16.381609752505927,9.105540513858346,0.0682902285505856,relaypos,attack,36.3203,1.92067,153.583,1115.0
relaypos_i4.0_r1,relaypos,4.0,1,4,11.643348700635975,11.444474870422573,21554,0.8719961161906303,0.8352402745995423,0.1418804110364916,36.59105336929763,12.72137406408399,1017.8099999999998,12.470427198207888,3.3653459800192453,0.0599124873779872,relaypos,attack,36.3923,8.21458,141.291,1095.0
relaypos_i4.0_r2,relaypos,4.0,2,5,12.281343442837445,12.097709837783103,26647,0.9026455743369128,0.5993265993265994,0.1320415975068595,78.65665105080444,24.027986969154007,2013.56,27.35060278423387,13.850568615727184,0.0486656791345627,relaypos,attack,79.4731,51.4512,206.577,712.0
relaypos_i4.0_r3,relaypos,4.0,3,5,9.693929684986966,9.481007223151462,17441,0.8364185689622099,0.8446526151444185,0.0796566276616151,47.370660421692406,12.742460916695384,25.659999999999798,15.389463634478824,4.897969381687391,0.0570252222782444,relaypos,attack,46.1117,10.0914,203.717,1082.0
relaypos_i4.0_r4,relaypos,4.0,4,6,11.356694700201354,11.163116177814826,29921,0.8881270406648857,0.5901005413766435,0.2827545265657465,55.23004541192477,15.981355922854885,24.869999999999948,23.636334215281835,7.842536985998909,0.04189795966267,relaypos,attack,50.0358,4.75813,233.327,763.0
relaypos_i4.0_r5,relaypos,4.0,5,8,10.053368887201794,9.761596608698255,18170,0.7850846871759419,0.8648488441019562,0.0693916349809885,34.85910640304196,10.242821917987628,6.440000000000001,12.361042250943065,6.426611609385412,0.0424592910434269,relaypos,attack,33.6936,10.7182,132.676,1459.0
relaypos_i4.0_r6,relaypos,4.0,6,4,9.45625939279116,9.271640465003294,18613,0.8554947832881371,0.8396778916544656,0.0668750287263869,26.490053129309825,12.09318298267699,1017.1599999999996,9.655111199114014,3.2120452421300865,0.0441119501089144,relaypos,attack,26.3569,11.2803,87.8899,1147.0
relaypos_i4.0_r7,relaypos,4.0,7,7,10.85544700002175,10.620578134257272,17015,0.8166938657962945,0.91072768192048,0.0541902659114908,36.20072030020136,13.259538675766848,16.140000000000043,11.7907895633253,7.39367032513436,0.0505051451034098,relaypos,attack,35.7802,11.665,142.092,1214.0
relaypos_i4.0_r8,relaypos,4.0,8,5,11.379270664601526,11.180490350974456,22656,0.8870096311956777,0.796028880866426,0.172774254169603,32.24582619618591,12.17534029918922,20.540000000000003,20.015450813027822,9.886963464892094,0.0584526897623245,relaypos,attack,30.5298,1.61531,182.297,882.0
relaypos_i4.0_r9,relaypos,4.0,9,8,9.314998795646398,9.017381666441858,17849,0.7672699135966986,0.8414985590778098,0.0597945234922408,29.043331319243155,9.966412137780669,186.58000000000015,11.119643801304434,6.75064004137866,0.049436556572137,relaypos,attack,27.0893,6.40398,108.8,1460.0
relaypos_i4.0_r10,relaypos,4.0,10,7,10.876304053236597,10.663624232461444,27507,0.8724902464554192,0.7268115942028985,0.2423002505788689,57.920237755202855,13.910408719786588,24.22000000000013,21.33286784612539,11.19223713527948,0.0682902285505856,relaypos,attack,57.3694,3.46984,255.021,1003.0
greypos_i0.02_r1,greypos,0.02,1,4,12.512759694865675,12.305094603615878,21554,0.8681327533429999,0.9572845156369184,0.0269453842435959,15.839391392698143,6.660549763850318,9.180000000000188,6.80341381375771,1.824181418018029,0.0599124873779872,greypos,attack,15.2599,3.88152,63.8628,1255.0
greypos_i0.02_r2,greypos,0.02,2,5,13.250677090672884,13.036263130097998,26647,0.8961493189843619,0.930976430976431,0.0574407264166806,35.069067005950664,12.372761200647323,20.98000000000022,17.130555096324038,9.563561735238007,0.0486656791345627,greypos,attack,35.1791,14.9425,152.102,1106.0
greypos_i0.02_r3,greypos,0.02,3,5,10.53109012060854,10.300969975175796,17441,0.8335802705157004,0.9765807962529274,0.0060220809635329,9.092771022618525,5.4157954762950204,19.449999999999967,6.460905342731863,2.51088151194066,0.0570252222782444,greypos,attack,9.15762,3.06486,37.997,1251.0
greypos_i0.02_r4,greypos,0.02,4,6,13.44735870197863,13.214968240290071,29921,0.883694143359225,0.8584686774941995,0.1534304025517587,37.189656531531526,11.209327702702703,17.819999999999947,19.090187341458662,6.262266554600969,0.04189795966267,greypos,attack,37.9525,12.1627,163.26,1110.0
greypos_i0.02_r5,greypos,0.02,5,8,10.760620651352257,10.449259844437911,18170,0.7823802962452635,0.978067575577949,0.0035308301756803,7.878164089291492,3.719929256982637,13.909999999999645,5.086381510935684,3.464365630422107,0.0424592910434269,greypos,attack,7.75715,2.58056,29.5633,1650.0
greypos_i0.02_r6,greypos,0.02,6,4,10.085940680220451,9.889412634708105,18613,0.8502969392416628,0.9780380673499268,0.0040657834627683,5.178758494740724,3.1900777477303457,21.179999999999755,2.9599385711104214,0.9521993462492224,0.0441119501089144,greypos,attack,5.20768,1.97858,19.131,1336.0
greypos_i0.02_r7,greypos,0.02,7,7,11.281928873406477,11.036570490806868,17015,0.8152460351684155,0.9714928732183046,0.017488381007139,8.105197319152037,4.820305266992059,14.99000000000006,8.933689093244228,5.815863989756534,0.0505051451034098,greypos,attack,8.09815,2.39816,30.6913,1295.0
greypos_i0.02_r8,greypos,0.02,8,5,12.709164487211222,12.492180484018306,22656,0.8842055965343637,0.924187725631769,0.0810599851695742,20.00893188022769,7.850493400034852,21.480000000000388,23.09618771769971,10.282771235761407,0.0584526897623245,greypos,attack,19.2979,0.654322,101.663,1024.0
greypos_i0.02_r9,greypos,0.02,9,8,9.855754878972515,9.53739200335323,17849,0.765099232714647,0.971757925072046,0.0025290411076342,4.778297396241768,3.276896501450725,86.03000000000006,5.181481405408129,3.852179580243551,0.049436556572137,greypos,attack,4.78269,1.74848,18.8786,1686.0
greypos_i0.02_r10,greypos,0.02,10,7,11.55823345122188,11.333943018955154,27507,0.8712742706914574,0.8195652173913044,0.1937537613632764,41.66549072369246,10.590279757840184,22.549999999999848,23.875313839195787,12.861668647910998,0.0682902285505856,greypos,attack,41.8579,2.31386,206.98,1131.0
greypos_i0.05_r1,greypos,0.05,1,4,12.525257537586336,12.31980322085468,21554,0.8696388944926366,0.9366895499618612,0.0269114383699818,14.16422397129272,7.082720684675783,9.180000000000188,6.323799169535574,1.927713773769204,0.0599124873779872,greypos,attack,14.1181,4.10933,60.7039,1228.0
greypos_i0.05_r2,greypos,0.05,2,5,13.313375687466303,13.10032543145032,26647,0.8970543679515233,0.9074074074074074,0.0524154182797508,26.43305372267484,11.34739916108736,20.98000000000022,16.232414154179235,10.842969447450486,0.0486656791345627,greypos,attack,26.2728,12.1004,114.4,1078.0
greypos_i0.05_r3,greypos,0.05,3,5,10.364719591281386,10.13947919406597,17441,0.836097794822627,0.927400468384075,0.0190795781399808,10.935058204477636,6.199081055419919,19.449999999999967,7.490029092352572,2.889348728761438,0.0570252222782444,greypos,attack,10.8855,3.23776,47.5076,1188.0
greypos_i0.05_r4,greypos,0.05,4,6,13.4989528641967,13.270688702346812,29921,0.8855510832248136,0.8205723124516628,0.1488990174026281,37.41396647615523,12.186863673497708,17.819999999999947,21.202894345209547,7.461324070406744,0.04189795966267,greypos,attack,37.5716,11.0852,190.524,1061.0
greypos_i0.05_r5,greypos,0.05,5,8,10.741251966182064,10.432888213198527,18170,0.7845761906818084,0.939537640782454,0.0052679303942311,9.878387000985454,4.398793056571032,13.909999999999645,7.267779032021831,4.270241965053424,0.0424592910434269,greypos,attack,9.99619,2.53438,45.348,1585.0
greypos_i0.05_r6,greypos,0.05,6,4,10.111059325792764,9.917171761698002,18613,0.8522045693878485,0.9421669106881404,0.001739847076599,4.6918941058941055,3.5676721056721057,21.179999999999755,2.9432524885751628,1.0487965255567,0.0441119501089144,greypos,attack,4.65247,2.04006,18.5302,1287.0
greypos_i0.05_r7,greypos,0.05,7,7,11.315049296469818,11.073491575463938,17015,0.8171252941458964,0.9369842460615154,0.0152715747010517,7.625177863502923,5.204966227527477,14.99000000000006,6.098465025694567,4.582255333993548,0.0505051451034098,greypos,attack,7.38715,2.30115,31.1479,1249.0
greypos_i0.05_r8,greypos,0.05,8,5,12.433738988624444,12.221260460122853,22656,0.885899741925393,0.8763537906137184,0.09912411042465,29.046796392476477,8.972750977986733,21.480000000000388,21.77732262626578,10.770098740812951,0.0584526897623245,greypos,attack,28.335,0.665725,156.346,971.0
greypos_i0.05_r9,greypos,0.05,9,8,9.813782848249776,9.499473640390796,17849,0.7671380066188164,0.936599423631124,0.0071345682726608,6.354006085985981,3.5667756239117816,86.03000000000006,5.77471364732205,4.109407336983593,0.049436556572137,greypos,attack,6.37328,1.60595,27.4561,1625.0
greypos_i0.05_r10,greypos,0.05,10,7,11.469207037561723,11.243237400872871,27507,0.870888079784708,0.8057971014492754,0.2002216241886971,26.83827781146605,8.376793380353002,22.549999999999848,13.42148575037012,7.070591569793522,0.0682902285505856,greypos,attack,24.9147,1.09181,126.916,1112.0
greypos_i0.1_r1,greypos,0.1,1,4,12.420459864333294,12.21777394052915,21554,0.8713968061451385,0.8916857360793288,0.0329492621790984,22.963649503293283,8.08156076612807,9.180000000000188,8.858661424886828,2.177754532617289,0.0599124873779872,greypos,attack,22.8174,5.08013,115.33,1169.0
greypos_i0.1_r2,greypos,0.1,2,5,13.352625569696182,13.14340213623326,26647,0.8987183811129849,0.8636363636363636,0.0499831365935919,29.96725486691012,11.989453433438037,20.98000000000022,20.1019536972529,10.215187505703003,0.0486656791345627,greypos,attack,29.5563,13.614,130.158,1026.0
greypos_i0.1_r3,greypos,0.1,3,5,10.144764584970943,9.927320327408648,17441,0.8399633981891735,0.8516783762685401,0.0362646888846079,14.114229634046138,7.815886600873876,19.449999999999967,6.838722566601175,2.787010242441836,0.0570252222782444,greypos,attack,14.1204,3.77481,63.1781,1091.0
greypos_i0.1_r4,greypos,0.1,4,6,12.775677355375066,12.55231054926351,29921,0.8874684858371644,0.7733952049497294,0.1903010529437935,36.58313419354839,11.201138494623656,17.819999999999947,22.09250283091957,6.810150926310567,0.04189795966267,greypos,attack,36.7435,11.2862,161.227,1000.0
greypos_i0.1_r5,greypos,0.1,5,8,10.76142305403966,10.458004771346625,18170,0.7874664124122389,0.8891523414344991,0.0035537834792407,7.173212341434499,3.6834067496542175,13.909999999999645,7.146326794771335,4.782437539012334,0.0424592910434269,greypos,attack,7.15363,2.4371,25.379,1500.0
greypos_i0.1_r6,greypos,0.1,6,4,10.084550735613142,9.894053413436549,18613,0.8545521325926266,0.8982430453879942,0.0036270143703227,4.66926066435602,3.4164077129064903,21.15,2.759725201157793,1.007905543009466,0.0441119501089144,greypos,attack,4.65516,2.03488,18.2439,1227.0
greypos_i0.1_r7,greypos,0.1,7,7,11.510513065556962,11.270345767434668,17015,0.818658583525789,0.9077269317329332,0.0018283294842186,5.815137197522521,4.25507195600553,14.99000000000006,6.780686300831555,3.893140631265138,0.0505051451034098,greypos,attack,5.78976,2.50584,23.1574,1210.0
greypos_i0.1_r8,greypos,0.1,8,5,12.585320565486894,12.372341399198362,22656,0.887148562925836,0.8646209386281588,0.0894745085754561,27.800375552621887,9.560719751627165,21.480000000000388,39.56776971391634,17.55917697880557,0.0584526897623245,greypos,attack,27.6439,0.737699,148.931,958.0
greypos_i0.1_r9,greypos,0.1,9,8,9.846975451275693,9.53626605191159,17849,0.769751595652924,0.8910662824207493,0.0021562877350353,7.9199943841649905,3.642619162634881,86.03000000000006,5.155717903963911,3.6873935390148014,0.049436556572137,greypos,attack,7.91423,1.75392,37.6976,1546.0
greypos_i0.1_r10,greypos,0.1,10,7,11.79659045396495,11.572641850553712,27507,0.8723518964861093,0.7789855072463768,0.1793099073956615,43.25910286942136,9.584902257126016,22.549999999999848,16.52853715105868,8.099439177560205,0.0682902285505856,greypos,attack,37.6419,2.21792,165.756,1075.0
greypos_i0.2_r1,greypos,0.2,1,4,12.567285032067105,12.372280263234977,21554,0.8762857259015328,0.7917620137299771,0.0229702809285685,16.344762960971455,6.859336962853431,9.180000000000188,6.936668041089918,1.8705863583492195,0.0599124873779872,greypos,attack,16.1935,4.17016,85.2224,1038.0
greypos_i0.2_r2,greypos,0.2,2,5,13.47916524406372,13.276484890587012,26647,0.9017597292724197,0.7786195286195287,0.0414890016920473,31.40945665388572,12.57328194145703,20.98000000000022,21.117184785186332,11.507036669108825,0.0486656791345627,greypos,attack,32.03,12.6467,125.89,925.0
greypos_i0.2_r3,greypos,0.2,3,5,10.456481886835896,10.24258650749506,17441,0.8435384020119946,0.7837626854020296,0.0102050686786612,11.36403071716287,5.849139219324436,19.449999999999967,7.43673533593561,2.962709962002483,0.0570252222782444,greypos,attack,12.0015,2.88537,52.504,1004.0
greypos_i0.2_r4,greypos,0.2,4,6,12.75255881050096,12.532610785645444,29921,0.8891299179840723,0.7061098221191029,0.1916973731130393,40.677314950151214,10.53278947624192,17.819999999999947,18.883721174754022,6.725954437599895,0.04189795966267,greypos,attack,39.1673,11.1692,178.42,913.0
greypos_i0.2_r5,greypos,0.2,5,8,10.61897371736564,10.329548612898243,18170,0.7940045446600245,0.7747480735032602,0.0155130221989162,9.22518809849677,3.726895624939977,18.86999999999972,7.444902122071688,3.687273091203151,0.0424592910434269,greypos,attack,9.19924,2.41213,32.8646,1307.0
greypos_i0.2_r6,greypos,0.2,6,4,10.10246266950947,9.919174725477928,18613,0.8596037500577287,0.8045387994143485,0.001662587170369,4.4494361774107,3.280353188213061,21.15,2.7171297947025512,0.975000020597242,0.0441119501089144,greypos,attack,4.45683,1.97635,17.0209,1099.0
greypos_i0.2_r7,greypos,0.2,7,7,11.503814982445366,11.27190195099984,17015,0.8240507555211158,0.805701425356339,0.0002905850445563,5.350056173261192,3.792378765082332,14.99000000000006,4.241213520042499,3.148626595799701,0.0505051451034098,greypos,attack,5.30513,2.25538,20.0013,1074.0
greypos_i0.2_r8,greypos,0.2,8,5,12.328431543278151,12.123702501015584,22656,0.8910213552522909,0.766245487364621,0.1529869823416053,16.2567475373591,7.426606490712043,21.480000000000388,15.558579067384674,7.932508187987777,0.0584526897623245,greypos,attack,16.2349,0.651755,95.0785,849.0
greypos_i0.2_r9,greypos,0.2,9,8,9.82313951920234,9.523498689570244,17849,0.7759085376456268,0.785014409221902,0.003564597461311,7.437843705440159,3.846172715113763,86.03000000000006,5.012216429447907,3.4357072446289507,0.049436556572137,greypos,attack,7.23052,1.78334,31.0098,1362.0
greypos_i0.2_r10,greypos,0.2,10,7,11.732993962120418,11.513645521057247,27507,0.8752386407025582,0.7108695652173913,0.182512409316533,43.42124270674314,8.897244264614098,22.4899999999999,17.905557037794107,9.64847034144907,0.0682902285505856,greypos,attack,44.6919,3.44326,217.803,981.0
greypos_i0.3_r1,greypos,0.3,1,4,12.751454066819033,12.563752727183958,21554,0.8810857212933818,0.6926010678871091,0.0095654662142827,12.582052418819057,6.480781691316509,9.180000000000188,5.529713123450664,1.7720524384819534,0.0599124873779872,greypos,attack,11.9508,2.8889,63.8387,908.0
greypos_i0.3_r2,greypos,0.3,2,5,13.324101134901786,13.13160127421325,26647,0.905313582931304,0.6835016835016835,0.0512672419650744,42.80721114199322,14.19160103976229,20.98000000000022,18.964641330423827,9.684565392931042,0.0486656791345627,greypos,attack,42.3509,17.1524,179.946,812.0
greypos_i0.3_r3,greypos,0.3,3,5,10.347543589801472,10.142269496914157,17441,0.8486691645175417,0.6846213895394223,0.0183446061018928,14.46606450432598,6.597011329148489,15.859999999999983,6.087819805214534,2.2825803738078063,0.0570252222782444,greypos,attack,13.9395,3.65293,59.5085,877.0
greypos_i0.3_r4,greypos,0.3,4,6,13.302412320840816,13.092765190525231,29921,0.8929242889969858,0.6063418406805878,0.1615088483690948,40.39920550109807,11.388420565732856,17.819999999999947,20.07638226286181,6.24620105716485,0.04189795966267,greypos,attack,40.5718,9.88628,193.776,784.0
greypos_i0.3_r5,greypos,0.3,5,8,10.471995858564734,10.195571760553984,18170,0.8006168759638687,0.6621221102548903,0.0279356686494822,8.314915626836719,4.459774414240336,18.86999999999972,8.158047412986265,4.23994294930381,0.0424592910434269,greypos,attack,8.22416,2.49277,38.3709,1117.0
greypos_i0.3_r6,greypos,0.3,6,4,10.077530264753374,9.903102861141775,18613,0.8656001488164442,0.6947291361639825,0.0033018648560665,6.154301681565585,4.081363962375484,21.15,3.2466229162132736,1.1743182939525427,0.0441119501089144,greypos,attack,6.2528,2.01047,33.6501,949.0
greypos_i0.3_r7,greypos,0.3,7,7,11.437280221289988,11.213721176962984,17015,0.8293122776234342,0.7074268567141786,0.004289126090559,5.964445907341099,4.1085919942339775,14.610000000000234,5.050242056282059,4.104581475213327,0.0505051451034098,greypos,attack,5.65159,2.12359,19.638,943.0
greypos_i0.3_r8,greypos,0.3,8,5,13.061428696615009,12.861721735551766,22656,0.8941157898891038,0.6877256317689531,0.0551324045937093,23.76270149950321,9.16487687377758,21.480000000000388,15.89048189127141,9.614935145756174,0.0584526897623245,greypos,attack,23.2002,0.662027,109.825,762.0
greypos_i0.3_r9,greypos,0.3,9,8,9.775755959455177,9.486600929506226,17849,0.7813430222377867,0.6927953890489914,0.0074855541936613,5.62114353326773,3.833121012280751,86.03000000000006,5.982861174088384,4.356485554243127,0.049436556572137,greypos,attack,5.60009,1.85536,22.8094,1202.0
greypos_i0.3_r10,greypos,0.3,10,7,11.755088352174512,11.546975350148502,27507,0.8793235726615946,0.5985507246376811,0.1834281695543763,28.758079445498403,9.426697939368523,22.4899999999999,14.345692621465089,7.799822469910898,0.0682902285505856,greypos,attack,27.9444,2.05715,122.792,826.0
greypos_i0.4_r1,greypos,0.4,1,4,12.762069597707018,12.580640888263838,21554,0.8854654506614082,0.6003051106025934,0.007230301536439,7.339192497347959,5.574030752013803,9.180000000000188,3.946356049597736,1.5428026227586071,0.0599124873779872,greypos,attack,7.54059,2.85375,32.2561,787.0
greypos_i0.4_r2,greypos,0.4,2,5,13.179025008426718,12.992505856174123,26647,0.9081521368686524,0.6026936026936027,0.0601867630018403,34.84530596050569,12.780007050800156,20.98000000000022,15.387499566687804,8.503369391395648,0.0486656791345627,greypos,attack,35.9707,15.6843,137.764,716.0
greypos_i0.4_r3,greypos,0.4,3,5,10.482978482743055,10.28378568908759,17441,0.8536537614409476,0.5925058548009368,0.006509715628212,9.6019397119622,5.713307664349642,15.859999999999983,4.462108253086406,1.7798950203528292,0.0570252222782444,greypos,attack,9.47679,2.28289,42.1548,759.0
greypos_i0.4_r4,greypos,0.4,4,6,12.92723077110383,12.728560860641336,29921,0.8960261132572694,0.5174013921113689,0.1841104423082682,41.29806530865375,12.275377508507455,17.819999999999947,21.02423241974758,6.614011999265736,0.04189795966267,greypos,attack,40.9163,8.88308,186.356,669.0
greypos_i0.4_r5,greypos,0.4,5,8,10.48881303351931,10.216411659456252,18170,0.8060866864824098,0.5714285714285714,0.0220043476332017,8.196053497510873,4.027893142292195,18.86999999999972,10.150795870242968,5.388643549662113,0.0424592910434269,greypos,attack,7.90123,2.49362,32.3668,964.0
greypos_i0.4_r6,greypos,0.4,6,4,10.09434605303846,9.927644509537636,18613,0.8714767300309018,0.5885797950219619,0.0008895964041576,4.569425944945841,3.217508253024773,21.15,2.7170412232484,0.9568765254482984,0.0441119501089144,greypos,attack,4.39272,1.90551,16.586,804.0
greypos_i0.4_r7,greypos,0.4,7,7,11.471867395443166,11.25843255506525,17015,0.8352970054000982,0.5971492873218305,0.001620029455081,5.119653745094565,4.3194527023715725,14.610000000000234,7.307653116061853,4.788630838802144,0.0505051451034098,greypos,attack,5.06396,2.24836,19.8161,796.0
greypos_i0.4_r8,greypos,0.4,8,5,12.762779985978376,12.572861485551355,22656,0.8979785969084423,0.5884476534296029,0.0755053507728894,32.30387269226607,9.699265242009446,21.480000000000388,21.165547361347144,10.564626326003504,0.0584526897623245,greypos,attack,32.8656,0.72127,172.238,652.0
greypos_i0.4_r9,greypos,0.4,9,8,9.829366571351352,9.548323260975042,17849,0.786854170340328,0.5988472622478386,0.0017192734967377,5.159765089780794,3.4438105777511074,104.5900000000004,4.488039427465786,3.437545687059887,0.049436556572137,greypos,attack,5.22814,1.43063,20.4612,1039.0
greypos_i0.4_r10,greypos,0.4,10,7,11.4530319329655,11.24581072644927,27507,0.8820586820586821,0.5398550724637681,0.1993586660253327,34.434154410622554,9.915532365276356,22.4899999999999,17.694253058769846,9.586612948501337,0.0682902285505856,greypos,attack,26.5132,1.52401,112.066,745.0
greypos_i0.5_r1,greypos,0.5,1,4,12.617635509940987,12.4455035798911,21554,0.8906243543655221,0.4927536231884058,0.018181066898062,17.916423498596462,7.200860204440293,37.47999999999996,7.57202323119389,1.9549491917979012,0.0599124873779872,greypos,attack,18.0894,3.80189,89.6431,646.0
greypos_i0.5_r2,greypos,0.5,2,5,13.422699081487632,13.244120005815509,26647,0.9119126655487492,0.4991582491582491,0.043496115807125,27.91047448423403,13.285282659332886,20.98000000000022,12.665932558769107,7.53254531392498,0.0486656791345627,greypos,attack,28.0807,12.9799,101.233,593.0
greypos_i0.5_r3,greypos,0.5,3,5,10.427863244477368,10.235927603978825,17441,0.8584859224256743,0.5027322404371585,0.0096475684189801,11.221957518055191,5.658138468492112,15.859999999999983,4.790671777215809,1.9728241250066931,0.0570252222782444,greypos,attack,11.4155,2.8052,52.1801,644.0
greypos_i0.5_r4,greypos,0.5,4,6,12.946325596521216,12.751062975377767,29921,0.8990955257069022,0.445475638051044,0.1820367198533609,44.47781523305506,13.340845352564104,14.279999999999848,23.30128591472921,7.402024978609325,0.04189795966267,greypos,attack,41.3234,10.3972,229.3,576.0
greypos_i0.5_r5,greypos,0.5,5,8,10.632100888600649,10.367502439408389,18170,0.8115592478449238,0.4831061055127445,0.0132654428514002,8.548439669143335,3.7122311474990015,212.17,5.831902407581564,3.0769454579083595,0.0424592910434269,greypos,attack,9.19731,2.55433,37.4629,815.0
greypos_i0.5_r6,greypos,0.5,6,4,9.986918213247025,9.828857909792704,18613,0.8773922881116244,0.4831625183016105,0.0099934005845196,5.504481188914179,3.5197761146070423,21.15,3.015459370507919,1.0316239134906982,0.0441119501089144,greypos,attack,5.33376,1.9051,17.4882,660.0
greypos_i0.5_r7,greypos,0.5,7,7,11.44465009198605,11.239471843961196,17015,0.8406205227014476,0.5003750937734434,0.0025196383577886,7.051708456246631,4.649308299881709,14.610000000000234,4.093961444138875,3.069715793984718,0.0505051451034098,greypos,attack,6.79605,2.32798,26.9804,667.0
greypos_i0.5_r8,greypos,0.5,8,5,12.872466400910232,12.689919884725164,22656,0.9016595693875116,0.5027075812274369,0.0683726668523898,21.91036958385809,8.538314330501889,20.98000000000022,13.756959313716733,7.879855603721087,0.0584526897623245,greypos,attack,21.6598,0.77864,114.645,557.0
greypos_i0.5_r9,greypos,0.5,9,8,9.784154122194597,9.513432676436397,17849,0.7930069308690243,0.4968299711815562,0.0046205793495645,8.050617427920061,4.306856963182707,104.5900000000004,5.906485808410446,4.0981675810997125,0.049436556572137,greypos,attack,8.15103,1.54058,40.7418,862.0
greypos_i0.5_r10,greypos,0.5,10,7,11.375253170069795,11.182210373827044,27507,0.8871508740243824,0.417391304347826,0.2066051731922853,26.56762152777778,10.579124233181693,19.239999999999924,16.669908195664142,10.98366127649509,0.0682902285505856,greypos,attack,27.8223,1.30461,141.878,576.0
greypos_i0.6_r1,greypos,0.6,1,4,12.625371987084575,12.460561144625188,21554,0.8956948138297872,0.3882532418001526,0.016830119680851,13.08838313593558,6.8958064022612255,37.47999999999996,5.76811761453722,1.8776904372141747,0.0599124873779872,greypos,attack,14.6184,3.49889,67.0895,509.0
greypos_i0.6_r2,greypos,0.6,2,5,13.133920707226372,12.965765233239742,26647,0.9158933113356704,0.3905723905723905,0.0629683096171031,40.723078763481695,15.269593840194442,20.98000000000022,23.086895843094823,12.023113059643638,0.0486656791345627,greypos,attack,39.9243,15.9926,145.611,464.0
greypos_i0.6_r3,greypos,0.6,3,5,10.468461268590348,10.28538205105249,17441,0.8645286011698226,0.3918813427010148,0.0065926439972241,8.396959029087412,6.287768050056826,79.12000000000008,4.578847815447945,2.357213908036085,0.0570252222782444,greypos,attack,8.23733,2.60036,38.4896,502.0
greypos_i0.6_r4,greypos,0.6,4,6,12.925012695047126,12.732246448073752,29921,0.9020772407971298,0.3596287703016241,0.1818867014380897,23.936683982683984,12.101919843597262,14.279999999999848,17.289202840341783,6.589939134098141,0.04189795966267,greypos,attack,23.7982,8.88361,103.769,465.0
greypos_i0.6_r5,greypos,0.6,5,8,10.631374146440477,10.378930164547135,18170,0.8175110231260686,0.3864848844101956,0.015162422388194,7.2343053276205795,3.861289992032984,206.0,5.51194240325343,3.8009772586755295,0.0424592910434269,greypos,attack,6.86224,2.26942,21.9724,652.0
greypos_i0.6_r6,greypos,0.6,6,4,10.076703232355282,9.92544718951431,18613,0.8828021248339973,0.3879941434846266,0.0010434452665528,4.053273850106357,3.168571294787149,21.15,2.586693052381896,0.9421535815903916,0.0441119501089144,greypos,attack,4.27349,1.91936,13.9774,530.0
greypos_i0.6_r7,greypos,0.6,7,7,11.447292701610104,11.25012734022254,17015,0.8460964694181999,0.4021005251312828,0.0019393336648433,6.070565019567826,4.422708686096192,109.5600000000001,4.384737038570949,3.131874851936876,0.0505051451034098,greypos,attack,6.29222,2.08632,25.7151,536.0
greypos_i0.6_r8,greypos,0.6,8,5,12.766071479540752,12.593258774018352,22656,0.90595009596929,0.3871841155234657,0.0757357645553423,21.864464993103933,9.220615710691323,20.98000000000022,16.879601351923398,10.17082501003381,0.0584526897623245,greypos,attack,21.6548,0.657918,88.4361,429.0
greypos_i0.6_r9,greypos,0.6,9,8,9.810901305564231,9.54939448140035,17849,0.798827425707125,0.4028818443804035,0.0015664160401002,5.8127252805411525,3.536822752569732,104.5900000000004,4.300248745890816,3.3262917297404284,0.049436556572137,greypos,attack,5.91495,1.60024,22.8824,699.0
greypos_i0.6_r10,greypos,0.6,10,7,12.09092177035322,11.900975523651915,27507,0.8904247054253528,0.3369565217391304,0.1604622556001553,30.53728475607648,9.448582564049373,19.239999999999924,15.89726439119924,11.034882910008792,0.0682902285505856,greypos,attack,29.617,2.09083,136.565,465.0
greypos_i0.7_r1,greypos,0.7,1,4,12.788397205456306,12.629824337642765,21554,0.8999582463465553,0.3012967200610221,0.0045929018789144,10.91218992777821,5.445438506639745,37.47999999999996,4.6912366106565,1.508355104726227,0.0599124873779872,greypos,attack,11.0926,2.82486,41.791,395.0
greypos_i0.7_r2,greypos,0.7,2,5,13.529630521201945,13.369101632329413,26647,0.9197818508163336,0.2962962962962963,0.0364157260708984,16.34267065355835,10.175853566311098,20.98000000000022,10.955661265155731,7.826618866563275,0.0486656791345627,greypos,attack,16.394,8.0164,61.8057,352.0
greypos_i0.7_r3,greypos,0.7,3,5,10.385075733116926,10.210594518295814,17441,0.8702225326813692,0.2888368462138954,0.0117752719289492,11.811534808178171,7.132167703445788,79.12000000000008,5.752320864107004,2.49300904880782,0.0570252222782444,greypos,attack,10.7568,3.04125,51.6129,370.0
greypos_i0.7_r4,greypos,0.7,4,6,13.149068953291094,12.96453380994581,29921,0.905270482875469,0.2776488785769528,0.1697325426600508,42.17477064329862,13.9545347950315,14.279999999999848,19.30121124805799,6.1602094001352405,0.04189795966267,greypos,attack,40.5421,8.61603,178.724,359.0
greypos_i0.7_r5,greypos,0.7,5,8,10.635707295667718,10.388773501383808,18170,0.8235134155184917,0.2898636633076467,0.0112853517041334,7.752180887537699,3.935297542978161,206.0,6.697868215991932,3.954076734520714,0.0424592910434269,greypos,attack,7.53551,2.05168,27.3816,489.0
greypos_i0.7_r6,greypos,0.7,6,4,10.068336738099305,9.92491501014,18613,0.8886183519526402,0.2869692532942899,0.0011935453069798,4.634030873696477,3.779007496190277,20.340000000000025,2.685897755006861,1.0957000664297514,0.0441119501089144,greypos,attack,4.6323,1.97974,17.7953,392.0
greypos_i0.7_r7,greypos,0.7,7,7,11.4210970190695,11.232081846908086,17015,0.8515589810319804,0.3053263315828957,0.0036034232520894,6.037392187727521,4.867264948915361,109.5600000000001,11.138412721582906,7.161159331231302,0.0505051451034098,greypos,attack,5.65138,1.88762,23.9779,407.0
greypos_i0.7_r8,greypos,0.7,8,5,12.791638187264986,12.62730852684322,22656,0.910025706940874,0.2951263537906137,0.0734254498714652,20.78802859646374,11.290369612775564,42.3,15.287097782784812,8.986328087428294,0.0584526897623245,greypos,attack,22.6118,0.750436,101.52,327.0
greypos_i0.7_r9,greypos,0.7,9,8,9.79375636620043,9.542565775305867,17849,0.8051332942397041,0.3031700288184438,0.0023907257882628,5.8084136661707175,3.9935055877004464,104.5900000000004,4.490976582327888,3.360289964937148,0.049436556572137,greypos,attack,5.37428,1.5381,23.2891,526.0
greypos_i0.7_r10,greypos,0.7,10,7,12.06262555443409,11.878347781154355,27507,0.8934034882587937,0.2623188405797101,0.1619734320698951,37.33336057550277,14.836131317986004,19.239999999999924,25.69802886525498,13.185035858532173,0.0682902285505856,greypos,attack,35.1203,1.00037,213.431,362.0
greypos_i0.8_r1,greypos,0.8,1,4,12.750571998206308,12.599024352131726,21554,0.9046040206488436,0.2074752097635392,0.0069249171108406,13.308856353031258,6.973747725430141,37.47999999999996,5.669192212965677,1.8930618261878616,0.0599124873779872,greypos,attack,12.5545,2.6626,63.5143,272.0
greypos_i0.8_r2,greypos,0.8,2,5,13.56480574453438,13.41430943736103,26647,0.9238636757618832,0.1877104377104377,0.0334223208404118,27.982376681614348,12.488545696257788,17.41999999999999,12.639595484204984,7.567748200294888,0.0486656791345627,greypos,attack,24.8641,9.47197,114.502,223.0
greypos_i0.8_r3,greypos,0.8,3,5,10.477393248056435,10.31142969921844,17441,0.8763881211999397,0.1787665886026541,0.0036681573790261,6.5875313182314414,4.79605663209607,79.12000000000008,3.3272190449179675,1.4447594062482614,0.0570252222782444,greypos,attack,6.04223,1.67604,24.3224,229.0
greypos_i0.8_r4,greypos,0.8,4,6,12.813103851757171,12.636591705708415,29921,0.9087623386484436,0.1786542923433874,0.1893394077448747,28.42437002787788,14.066529203780512,34.99000000000008,19.90506384960384,7.10074731570134,0.04189795966267,greypos,attack,29.0255,8.94056,126.393,231.0
greypos_i0.8_r5,greypos,0.8,5,8,10.587495979290193,10.35025416554804,18170,0.8294909837936544,0.1962062833432128,0.0141520200867381,6.627338585020517,4.33042124723813,241.01999999999975,4.846182537662798,3.4340657708576594,0.0424592910434269,greypos,attack,6.01216,2.35103,25.8289,331.0
greypos_i0.8_r6,greypos,0.8,6,4,10.057565199943571,9.920885192423553,18613,0.8936956834877803,0.1998535871156661,0.0015364670859941,3.819937728937729,3.2203772893772897,20.340000000000025,2.463361571401368,0.9544458453235496,0.0441119501089144,greypos,attack,3.42829,1.49877,15.4214,273.0
greypos_i0.8_r7,greypos,0.8,7,7,11.336714860295082,11.15714764465924,17015,0.8572652156388553,0.2055513878469617,0.0093712212817412,7.765960060597713,5.465250392507919,109.5600000000001,5.327140352862119,3.9122627652856257,0.0505051451034098,greypos,attack,7.95664,2.53345,33.9562,274.0
greypos_i0.8_r8,greypos,0.8,8,5,12.53412307777691,12.374977668260012,22656,0.9139906406325642,0.1976534296028881,0.0898418589640148,27.47554778077132,10.996840713897216,42.3,22.47819667741924,11.51852571765439,0.0584526897623245,greypos,attack,33.9181,0.828113,174.775,219.0
greypos_i0.8_r9,greypos,0.8,9,8,9.771083137227889,9.530867027461564,17849,0.8115764106761242,0.2023054755043227,0.0050470604283181,4.97509240607039,3.471526857546556,104.5900000000004,5.078032160266736,3.319196086024415,0.049436556572137,greypos,attack,4.72463,1.76259,17.463,351.0
greypos_i0.8_r10,greypos,0.8,10,7,12.289248227964505,12.109763333042082,27507,0.8972502201780996,0.1673913043478261,0.1468832566787357,31.868886842775385,9.907436103628054,42.54000000000025,14.274670902431543,7.654688362508799,0.0682902285505856,greypos,attack,28.0798,4.15249,148.703,231.0
greypos_i0.9_r1,greypos,0.9,1,4,12.316456607171396,12.176687611007958,21554,0.9099890230515916,0.099160945842868,0.04006586169045,14.839603765897024,7.112154624027657,37.47999999999996,6.571253561086273,1.935208120474042,0.0599124873779872,greypos,attack,13.5808,2.66687,82.5932,130.0
greypos_i0.9_r2,greypos,0.9,2,5,13.33014182532074,13.186052073758654,26647,0.9275296738487244,0.0934343434343434,0.0477218141947161,23.797903767403767,13.038980375480374,225.67000000000004,13.23610518707792,8.926816469711369,0.0486656791345627,greypos,attack,21.7565,9.26112,89.3281,111.0
greypos_i0.9_r3,greypos,0.9,3,5,10.427378514062346,10.269677471448238,17441,0.881526408895628,0.0882123341139734,0.009451604751074,7.176109302115413,6.223903940938067,79.12000000000008,6.159475109301758,2.8095622740129205,0.0570252222782444,greypos,attack,6.58231,1.45167,25.9421,113.0
greypos_i0.9_r4,greypos,0.9,4,6,13.348984334620818,13.17277245861088,29921,0.9117252727161924,0.0974477958236658,0.1557072338350905,31.74400516795865,16.754444444444445,34.99000000000008,18.52734296410533,7.299698471496072,0.04189795966267,greypos,attack,27.3261,10.2595,112.877,126.0
greypos_i0.9_r5,greypos,0.9,5,8,10.552966362416608,10.328252058908369,18170,0.8361711919005983,0.0924718435091879,0.0194201564657156,6.629375690099375,4.184659244264507,240.98,6.159527679640143,4.19151508848897,0.0424592910434269,greypos,attack,5.99527,1.47577,21.4804,156.0
greypos_i0.9_r6,greypos,0.9,6,4,10.063728221960067,9.934949015516375,18613,0.8998307952622674,0.095900439238653,0.0002417210539037,4.973277010941848,3.618774367686341,144.73999999999964,2.720900991772435,1.0520482243377505,0.0441119501089144,greypos,attack,3.46762,1.67412,13.9078,131.0
greypos_i0.9_r7,greypos,0.9,7,7,11.416503133371911,11.24381455774962,17015,0.8621301175516822,0.1215303825956489,0.0072456424807458,5.496014063701111,4.717073749918962,204.6000000000001,6.89943207786023,4.150892326238307,0.0505051451034098,greypos,attack,6.028,2.45247,18.996,162.0
greypos_i0.9_r8,greypos,0.9,8,5,12.806141280264002,12.658543444655418,22656,0.9187720507725374,0.0794223826714801,0.0722657042053611,20.914190697026815,9.63301905363722,42.3,14.370439708622678,8.079110658624485,0.0584526897623245,greypos,attack,14.8159,0.65432,54.1026,88.0
greypos_i0.9_r9,greypos,0.9,9,8,9.782465373053071,9.55100131203831,17849,0.817748659916617,0.1066282420749279,0.0016493333944197,5.785557381659116,4.519940103108889,200.73000000000008,3.718163566822328,2.9224237489700404,0.049436556572137,greypos,attack,4.73529,0.979243,23.4237,185.0
greypos_i0.9_r10,greypos,0.9,10,7,12.080085273216248,11.911591455774213,27507,0.9009826400262038,0.081159420289855,0.1619718309859155,27.18972894369474,19.645357142857144,102.91000000000004,18.41414712571771,11.957349123620803,0.0682902285505856,greypos,attack,22.9307,4.12954,103.551,112.0
volmatch_ddos_i2.0_r11,volmatch_ddos,2.0,11,6,10.84320591603666,9.104583378997177,16039,0.6562065297438835,0.923896499238965,0.1082971933556992,17.564250411861615,6.549728171334431,4.819999999999602,15.58244881432424,4.853718157136037,0.059388570960355,volmatch_ddos,attack,17.5643,4.37229,80.3566,1214.0
volmatch_ddos_i2.0_r12,volmatch_ddos,2.0,12,9,10.604108599683912,8.995501587674939,21668,0.712130673415059,0.7964601769911505,0.2937193939593124,39.43180555555556,12.159,10.619999999999852,32.896230012935774,14.202289829782307,0.0514188957586472,volmatch_ddos,attack,39.4319,9.32277,183.203,720.0
volmatch_ddos_i2.0_r13,volmatch_ddos,2.0,13,9,10.021761892428875,8.974820090682913,16918,0.6408090602628689,0.9757842597688496,0.1651831370023862,6.414156796390298,2.865651438240271,5.630000000000024,17.163271574301078,9.35435990918775,0.0476162566751851,volmatch_ddos,attack,6.41415,0.589429,26.2939,1773.0
volmatch_ddos_i2.0_r14,volmatch_ddos,2.0,14,9,11.188229814015887,9.375116546113002,15781,0.6393728222996515,0.9638739431206764,0.0632039542986792,9.923365231259968,4.732846889952153,12.32000000000033,11.65904341128604,5.306247619918745,0.0452035065336481,volmatch_ddos,attack,9.92338,1.37616,51.1377,1254.0
volmatch_ddos_i2.0_r15,volmatch_ddos,2.0,15,5,12.536459562235008,10.764206164674803,22223,0.7284796433488494,0.9129711751662972,0.0912279551563626,14.568609593199756,5.734966605950212,4.529999999999923,14.843717586171149,3.996539220278777,0.0577071472376344,volmatch_ddos,attack,14.5686,3.03272,70.6539,1647.0
volmatch_ddos_i2.0_r16,volmatch_ddos,2.0,16,9,11.247963439900872,9.609450679267573,22754,0.7049820299913249,0.7523640661938534,0.2874581732556698,38.95797329143755,8.868185388845246,9.90999999999964,39.592094847711024,16.764800990829375,0.0468288717647685,volmatch_ddos,attack,38.9579,3.77666,241.998,1273.0
volmatch_ddos_i2.0_r17,volmatch_ddos,2.0,17,9,9.548515560072426,7.93299389760022,24812,0.7289714134618209,0.8101109741060419,0.3557892881276258,45.574353120243536,7.912785388127853,2.040000000000042,40.00307430413321,15.862608301360844,0.0463067162675499,volmatch_ddos,attack,45.5744,2.99397,279.542,1314.0
volmatch_ddos_i2.0_r18,volmatch_ddos,2.0,18,7,11.07612088232912,9.344353538617312,16482,0.6634731503099589,0.8681235870384325,0.1231382336365832,27.39904513888889,9.484461805555556,11.03999999999994,22.504603401925376,9.313926878638764,0.0598401338402967,volmatch_ddos,attack,27.356,6.25365,119.34,1148.0
volmatch_ddos_i2.0_r19,volmatch_ddos,2.0,19,6,10.478190063175584,8.67343865181485,14270,0.629660680404183,0.952755905511811,0.0819397255438379,11.398046581517656,5.3806536438767845,7.43000000000027,17.096037197543737,5.6547753670655325,0.0488726966579302,volmatch_ddos,attack,11.3981,1.4647,59.8294,1331.0
volmatch_ddos_i2.0_r20,volmatch_ddos,2.0,20,6,9.159006550570716,7.558057461849817,21181,0.7288963832203448,0.7410296411856474,0.37420420523762,27.83294736842105,7.883589473684212,12.330000000000396,35.66866129355568,9.527302558819969,0.0553666771587041,volmatch_ddos,attack,27.833,1.97432,157.369,950.0
volmatch_ddos_i4.0_r11,volmatch_ddos,4.0,11,7,9.474731895887883,8.232159604813347,22513,0.7424397322164693,0.8073394495412844,0.2997394716881575,20.55576923076923,7.986826923076923,3.049999999999997,23.1467046885092,6.757730137387394,0.0541894851069519,volmatch_ddos,attack,20.5557,5.27003,101.068,1144.0
volmatch_ddos_i4.0_r12,volmatch_ddos,4.0,12,8,8.73055565208237,7.232286779361868,21460,0.7097969173777866,0.5944503735325507,0.4381491036581332,45.345960502693,8.767764811490125,2010.16,33.16169760648498,11.057416565840832,0.0604216691383883,volmatch_ddos,attack,45.3459,1.17187,236.923,1114.0
volmatch_ddos_i4.0_r13,volmatch_ddos,4.0,13,7,10.498553353600244,8.805406233042746,19707,0.7099574897326897,0.8760806916426513,0.1557388860868938,13.891776315789471,7.017582236842105,3.700000000000258,16.183467076006433,6.390012339146269,0.0584914945354846,volmatch_ddos,attack,13.8917,3.91455,58.0409,1216.0
volmatch_ddos_i4.0_r14,volmatch_ddos,4.0,14,11,8.838672718859895,7.186781767106153,17305,0.6490267411769118,0.7628600823045267,0.2699621197914713,40.50856372218476,7.914497639919082,1009.8499999999996,25.459330942506075,9.719214853661184,0.0451855597352877,volmatch_ddos,attack,40.519,7.14741,185.438,1479.0
volmatch_ddos_i4.0_r15,volmatch_ddos,4.0,15,8,8.152643631139213,6.608456407642215,21745,0.7252684944299913,0.7432598039215687,0.3906010272830365,21.35218466611707,8.683017312448474,11.97999999999988,25.272140651184205,9.508264252677462,0.0456817552188863,volmatch_ddos,attack,19.752,2.93684,96.5739,1200.0
volmatch_ddos_i4.0_r16,volmatch_ddos,4.0,16,7,10.092462598768783,8.625772749004735,25102,0.7712775763534689,0.625,0.3790327536410004,26.116575342465755,13.486876712328767,1047.4,26.997566120401995,8.781768099232641,0.0391714348769907,volmatch_ddos,attack,26.1165,8.91441,99.9277,730.0
volmatch_ddos_i4.0_r17,volmatch_ddos,4.0,17,11,8.014230111689642,6.4129502249667,21262,0.6953592569578442,0.8139870223503965,0.3535991104424894,19.95677590788308,7.24903454384411,16.059999999999963,31.484892151769827,15.243616851772272,0.0672394012573301,volmatch_ddos,attack,19.9568,1.74151,93.2467,1129.0
volmatch_ddos_i4.0_r18,volmatch_ddos,4.0,18,8,8.709305381074653,7.10127325450004,15660,0.6625766871165644,0.7959839357429719,0.2648191241802411,33.84540867810292,11.220383451059536,14.520000000000088,26.473762299506863,9.808678493007758,0.0518984723077507,volmatch_ddos,attack,33.8454,6.37745,187.513,991.0
volmatch_ddos_i4.0_r19,volmatch_ddos,4.0,19,7,9.582403834433435,8.08119140100327,20126,0.7252612612612612,0.6944667201283079,0.3562162162162162,33.22863741339492,11.96108545034642,13.330000000000286,27.258058265648987,7.95948559665834,0.0488115915253804,volmatch_ddos,attack,33.2286,10.2526,154.131,866.0
volmatch_ddos_i4.0_r20,volmatch_ddos,4.0,20,8,7.658277054538801,6.133109966644675,29571,0.7654931400465959,0.6431116389548693,0.4721977737509708,24.78384118190213,7.804939981532779,1227.89,36.24558476522312,9.75139144798157,0.061643052805828,volmatch_ddos,attack,24.7838,2.72996,145.924,1083.0
volmatch_ddos_i8.0_r11,volmatch_ddos,8.0,11,12,5.013740685946359,3.7741802562952818,17985,0.6939728353140917,0.5529595015576324,0.5634357153881772,37.13422535211268,15.368591549295775,24.66999999999997,36.45548089532175,16.87487378919813,0.0554603659027443,volmatch_ddos,attack,37.1342,5.57425,232.23,710.0
volmatch_ddos_i8.0_r12,volmatch_ddos,8.0,12,14,6.701092769823345,5.361015218718776,15803,0.6440215176460999,0.6747747747747748,0.412910587659956,24.18157543391188,12.02845126835781,7.629999999999804,33.43119253898509,18.619942233391587,0.0552894951167678,volmatch_ddos,attack,24.1628,5.25912,114.156,748.0
volmatch_ddos_i8.0_r13,volmatch_ddos,8.0,13,11,5.8092524740085,4.536130105618644,19682,0.717091121069698,0.6805444355484388,0.4778299996356615,34.25341176470589,12.505882352941178,8.73999999999997,26.28040208982892,12.104377298793828,0.0464442132083839,volmatch_ddos,attack,32.2731,9.31074,136.746,840.0
volmatch_ddos_i8.0_r14,volmatch_ddos,8.0,14,11,7.257828665248115,5.91237701709831,22701,0.7435880638081824,0.7537931034482759,0.4616921615513119,33.48691674290942,9.361756633119851,3.620000000000178,31.301701217963988,12.955645817061743,0.0499333976833976,volmatch_ddos,attack,33.4869,3.90787,187.466,1093.0
volmatch_ddos_i8.0_r15,volmatch_ddos,8.0,15,12,0.6479993161552554,0.0822692420217068,28133,0.7797178570438735,0.3654283548142532,0.8729525234888168,242.0394190871369,38.74522821576763,14.26000000000016,249.5493070378837,64.81756838190725,0.0559918412175413,volmatch_ddos,attack,240.508,378.254,491.94,479.0
volmatch_ddos_i8.0_r16,volmatch_ddos,8.0,16,12,5.489752507057515,4.112938410761363,19260,0.7061929380706193,0.5859424920127796,0.5491145088549114,27.42868047982552,11.242311886586696,6.920000000000037,43.71856949765303,20.257019216603016,0.0428437554968947,volmatch_ddos,attack,27.3677,4.9412,149.034,915.0
volmatch_ddos_i8.0_r17,volmatch_ddos,8.0,17,14,4.5058724866392525,3.151192264451307,21650,0.7177430049065111,0.6082304526748972,0.6482230473412014,33.7319350473613,12.5497699594046,5.570000000000075,38.657775645803625,21.432944352787896,0.0430674335684355,volmatch_ddos,attack,33.7319,5.64056,245.853,739.0
volmatch_ddos_i8.0_r18,volmatch_ddos,8.0,18,12,7.2889648032581,5.925096307015877,21214,0.7269798841712073,0.6377151799687011,0.3963537918508618,24.37717791411043,10.25679754601227,24.46999999999999,33.75245911317165,16.996261216305626,0.0599625143815496,volmatch_ddos,attack,24.3772,3.94866,109.342,815.0
volmatch_ddos_i8.0_r19,volmatch_ddos,8.0,19,15,6.133181020571906,4.670303244669734,16211,0.6436256799142415,0.5312294543063774,0.4416961130742049,30.91361386138614,11.315618811881189,21.300000000000097,37.02189323544852,22.369852857874992,0.0486157839714086,volmatch_ddos,attack,30.9136,9.47545,130.735,808.0
volmatch_ddos_i8.0_r20,volmatch_ddos,8.0,20,12,6.429235520822282,5.165630738381892,22697,0.7401115205269508,0.5828358208955224,0.4888968598167411,26.11651728553137,12.162343149807938,22.6099999999998,25.718731234303934,12.505859407922166,0.05140231018541,volmatch_ddos,attack,26.0691,8.24278,121.069,777.0
volmatch_dos_i1.0_r11,volmatch_dos,1.0,11,8,9.891214237241908,8.227606822066257,18535,0.6825630638924691,0.8508420208500401,0.2475787147854907,33.69811498586239,10.0937794533459,5.540000000000322,23.09975316018128,9.420231791671636,0.0409817530310146,volmatch_dos,attack,33.556,7.65481,178.151,1051.0
volmatch_dos_i1.0_r12,volmatch_dos,1.0,12,8,10.861656033443625,9.15561559092422,24290,0.7226800749754545,0.7704367301231803,0.2604206956056053,47.22638081395349,6.8052034883720935,1003.3600000000002,38.3117305725284,14.653969230219897,0.0467867097541576,volmatch_dos,attack,47.0988,1.95682,282.031,1367.0
volmatch_dos_i1.0_r13,volmatch_dos,1.0,13,8,12.095401594168129,10.427375537343789,22188,0.7212326095436224,0.800556586270872,0.1903523599011832,23.468713789107763,9.041147161066048,11.190000000000031,25.12903287006758,7.907516434356992,0.0501714232355772,volmatch_dos,attack,23.4688,7.98166,109.143,863.0
volmatch_dos_i1.0_r14,volmatch_dos,1.0,14,6,10.779663180272337,9.13276318257747,20709,0.7075162282200205,0.8638324091189156,0.2113426716774854,23.75328102710414,7.121733238231098,4.2200000000001125,17.693764992061684,5.718039209119183,0.0579617619403525,volmatch_dos,attack,23.7355,3.90717,106.453,1398.0
volmatch_dos_i1.0_r15,volmatch_dos,1.0,15,4,11.57736791475629,10.056254914478826,22883,0.7500901432458125,0.7675021607605877,0.2994066935457436,27.593581081081084,8.170822072072072,2.4700000000001943,30.25093807624488,3.2820513346583837,0.0456733679217712,volmatch_dos,attack,27.5205,1.24345,145.162,887.0
volmatch_dos_i1.0_r16,volmatch_dos,1.0,16,5,12.68966135437008,10.956191537352945,19182,0.7125027858257188,0.9216235129461162,0.0984696530718371,14.969248291571756,5.7236370539104025,7.589999999999986,13.54025567712751,5.4541939579518175,0.0419148111717189,volmatch_dos,attack,14.9693,1.73776,75.2791,1317.0
volmatch_dos_i1.0_r17,volmatch_dos,1.0,17,6,12.884458135328291,11.120723838627432,19853,0.6990492957746479,0.9439775910364144,0.0797183098591549,12.624406528189912,5.634977744807122,3.4799999999997056,12.410039098282484,6.892695506084116,0.058157386539779,volmatch_dos,attack,12.6244,2.13741,58.3689,1348.0
volmatch_dos_i1.0_r18,volmatch_dos,1.0,18,5,11.517157433045394,9.81544665019599,24402,0.7485735321185348,0.8785286569717707,0.2175900361985397,39.11850048685492,10.632619279454724,9.65999999999978,30.648463441216077,6.356862587459897,0.0461724218709162,volmatch_dos,attack,39.1185,8.73108,189.183,1027.0
volmatch_dos_i1.0_r19,volmatch_dos,1.0,19,5,12.707313595065058,10.994864932253089,23403,0.7478191404377696,0.9319727891156464,0.1352931778239335,9.688456725755996,5.751199165797706,16.210000000000058,10.818963311080472,3.596914283167215,0.0525470853506991,volmatch_dos,attack,9.68845,1.95857,45.032,959.0
volmatch_dos_i1.0_r20,volmatch_dos,1.0,20,7,12.384088406853357,10.775513281959215,24816,0.7387693132088953,0.7985270910047344,0.2546813134470542,31.309025032938077,6.756389986824769,82.78000000000007,37.50712419601636,14.39524971080697,0.0476084845638849,volmatch_dos,attack,31.3066,2.93666,178.425,1516.0
