run_id,scenario,intensity,run,n_flows,total_throughput_mbps,max_flow_throughput_mbps,max_flow_txpackets,flow_concentration,delivery_ratio,overall_loss_ratio,monitor_owd_ms,monitor_pdv_ms,victim_startup_lag_ms,mean_owd_ms,mean_pdv_ms,telemetry_throughput_mbps,label_class,label_binary
mitm_i1.0_r1,mitm,1.0,1,4,12.570042431514116,12.337814200115554,21554,0.8675736596361294,0.977116704805492,0.025116728385123167,31.78992435239876,11.247928342202593,11.249999999999982,10.92309893161114,2.970179843184236,0.059912487377987204,mitm,attack
mitm_i1.0_r2,mitm,1.0,2,5,12.864132349328688,12.638834413307265,26647,0.8968732119417051,0.8762626262626263,0.08528827706909899,45.19647050965317,17.165691313071655,32.08000000000011,15.229911446181893,7.43110381834632,0.048665679134562774,mitm,attack
mitm_i1.0_r3,mitm,1.0,3,5,10.273153314372058,10.023625173598422,17441,0.8335404320397629,0.9617486338797814,0.030395717835977824,22.67193970167213,10.2158844809344,31.789999999999985,10.323610053954905,4.07818970431872,0.0570252222782444,mitm,attack
mitm_i1.0_r4,mitm,1.0,4,6,12.63159159005083,12.400830313478522,29921,0.8856821478258295,0.7076566125290024,0.20640558860965574,61.61034905561149,15.148132409730882,27.089999999999836,19.420702423993472,6.820620406065679,0.04189795966267001,mitm,attack
mitm_i1.0_r5,mitm,1.0,5,8,10.7657766515424,10.421668699403275,18170,0.7812365637630063,0.989330171902786,0.004858543296930089,16.58067809461054,6.9484999978652215,5.279999999999951,6.383260754981198,3.8699908188083287,0.042459291043426904,mitm,attack
mitm_i1.0_r6,mitm,1.0,6,4,10.027408825895403,9.807122971641709,18613,0.8499086757990868,0.9831625183016105,0.012191780821917807,13.136212893004174,7.213479502433508,29.020000000000046,5.3333421339157505,1.9679065950814023,0.04411195010891447,mitm,attack
mitm_i1.0_r7,mitm,1.0,7,7,11.20870287543439,10.941537220680907,17015,0.8152069758528172,0.9737434358589647,0.02548869298581832,23.360061633281973,10.955724191063174,19.950000000000134,11.377992528665114,6.8344317077609515,0.05050514510340986,mitm,attack
mitm_i1.0_r8,mitm,1.0,8,5,11.400709406660713,11.175291345041408,22656,0.8853458382180539,0.851985559566787,0.16924579914028917,40.74411521190591,11.586357872391641,22.940000000000182,21.830261786484385,11.659745900585213,0.05845268976232458,mitm,attack
mitm_i1.0_r9,mitm,1.0,9,8,9.81134796467131,9.460375658262903,17849,0.7642147628018496,0.985014409221902,0.010575441000171262,22.877037551899374,7.858311338899764,84.13000000000004,16.894742700940267,8.68276507946609,0.04943655657213707,mitm,attack
mitm_i1.0_r10,mitm,1.0,10,7,11.178468717275589,10.941332406240493,27507,0.8715779467680609,0.7543478260869565,0.22300380228136882,56.052658835512986,12.554677387228615,30.49999999999997,23.542295210424605,11.103846544246093,0.06829022855058565,mitm,attack
mitm_i2.0_r1,mitm,2.0,1,4,12.056520294360542,11.836866121457817,21554,0.8694284216046145,0.8726163234172387,0.06546730668387721,35.4670197116799,10.661435490076268,10.050000000000114,12.419248210833699,2.836110937401145,0.059912487377987204,mitm,attack
mitm_i2.0_r2,mitm,2.0,2,5,12.634014170351172,12.41160994404613,26647,0.8971751792868927,0.8535353535353535,0.10104036901114441,80.34240631163709,20.177449693214662,33.37000000000012,31.114193876126315,11.593988975754515,0.048665679134562774,mitm,attack
mitm_i2.0_r3,mitm,2.0,3,5,10.235241086610845,9.988859109399227,17441,0.8340187452180566,0.9383294301327089,0.033712700841622034,20.481427862165205,9.794575116740916,33.959999999999994,10.127931426472133,4.1976547970297355,0.0570252222782444,mitm,attack
mitm_i2.0_r4,mitm,2.0,4,6,12.11505062518878,11.878991151519346,29921,0.8858132512286103,0.7648878576952823,0.23343596423707738,65.16349559705564,14.73677128896685,28.799999999999937,24.530417881595838,7.135909271246383,0.04189795966267001,mitm,attack
mitm_i2.0_r5,mitm,2.0,5,8,10.726123288022482,10.384354625982237,18170,0.7815389909243409,0.971547125074096,0.009075659168136263,22.713901268520118,7.564957715388887,5.909999999999638,8.920398965688022,5.102041244455077,0.042459291043426904,mitm,attack
mitm_i2.0_r6,mitm,2.0,6,4,10.056961689759307,9.835409297331184,18613,0.8495595417408371,0.9904831625183016,0.00921995526952394,14.87820615115242,7.314080908081808,29.349999999999987,5.659084104006082,1.9906986356179335,0.04411195010891447,mitm,attack
mitm_i2.0_r7,mitm,2.0,7,7,11.372289382380519,11.103001894883816,17015,0.8144265747654604,0.9789947486871718,0.013880911353628183,19.538073826010617,9.78853891592393,20.65000000000028,7.246446880535266,5.083131961230658,0.05050514510340986,mitm,attack
mitm_i2.0_r8,mitm,2.0,8,5,12.499933556753023,12.267595250058209,22656,0.8845162801592878,0.9106498194945848,0.09701725618802218,40.82395749261432,11.763877096561568,23.880000000000123,18.78922024643124,8.566018005791978,0.05845268976232458,mitm,attack
mitm_i2.0_r9,mitm,2.0,9,8,9.733238700686828,9.384749857163774,17849,0.7645421057140409,0.9763688760806917,0.016491047716953654,20.136230537494942,7.738474871266164,79.34000000000019,8.02608937854179,4.677078167149293,0.04943655657213707,mitm,attack
mitm_i2.0_r10,mitm,2.0,10,7,11.402867190825999,11.158328305164536,27507,0.8699791258144095,0.8,0.2072553608703903,50.110168986593294,12.494764477669577,31.420000000000226,16.29910744633273,8.064421498802298,0.06829022855058565,mitm,attack
mitm_i5.0_r1,mitm,5.0,1,4,12.397346267243918,12.171919695273878,21554,0.8684475603368387,0.9183829138062548,0.03936500261896128,32.34950350098827,11.768062418520543,15.750000000000153,10.974659766177254,3.1053242006463804,0.059912487377987204,mitm,attack
mitm_i5.0_r2,mitm,5.0,2,5,12.95588394809027,12.732175510780792,26647,0.8964206418623427,0.8434343434343434,0.08070376101729126,55.91270689667596,18.39820445751097,38.07999999999989,20.26071351367442,9.717855214109496,0.048665679134562774,mitm,attack
mitm_i5.0_r3,mitm,5.0,3,5,10.036285736415763,9.791484807833333,17441,0.8342182044291385,0.9227166276346604,0.050700722246137656,35.331818094631345,12.34889879912589,36.25999999999996,11.177287258095848,3.677278768852859,0.0570252222782444,mitm,attack
mitm_i5.0_r4,mitm,5.0,4,6,11.908326486261947,11.6833118000952,29921,0.8867583427182739,0.6929621036349575,0.24832552901428487,56.79133333333333,15.417803422619048,32.709999999999795,21.71068821196228,7.3072321881568,0.04189795966267001,mitm,attack
mitm_i5.0_r5,mitm,5.0,5,8,10.713608614276453,10.375677118507797,18170,0.7816062287607003,0.973325429756965,0.013292037682281585,19.972044938126714,7.685548061095002,10.279999999999845,8.023269407601665,4.878462830639061,0.042459291043426904,mitm,attack
mitm_i5.0_r6,mitm,5.0,6,4,9.990403548523378,9.76910458431676,18613,0.8494432274552757,0.986090775988287,0.015014603870025556,19.540764722347046,7.881151847830722,31.079999999999774,7.049257508511145,2.133548083249272,0.04411195010891447,mitm,attack
mitm_i5.0_r7,mitm,5.0,7,7,11.192279598312041,10.923130631027734,17015,0.8142317079006556,0.9737434358589647,0.027133081303536394,26.619024034883594,10.038832176253484,23.85000000000037,8.908789861717546,5.096936960603188,0.05050514510340986,mitm,attack
mitm_i5.0_r8,mitm,5.0,8,5,12.478812035728941,12.242256580683437,22656,0.8838261683701334,0.9332129963898917,0.0968245299211984,43.162596144241334,12.284593093052187,29.25000000000022,21.760801445878933,8.800899387231338,0.05845268976232458,mitm,attack
mitm_i5.0_r9,mitm,5.0,9,8,9.741537986005815,9.393319915819937,17849,0.7643129362394553,0.9740634005763689,0.01652892561983471,23.948614153458823,8.214831622048768,79.34000000000019,14.911591683929469,7.201899476939114,0.04943655657213707,mitm,attack
mitm_i5.0_r10,mitm,5.0,10,7,11.602143988719737,11.355890739735075,27507,0.8693467336683417,0.7862318840579711,0.1947789260769255,46.41710596066383,11.014448691304478,35.340000000000146,17.222403008993826,7.631649928976276,0.06829022855058565,mitm,attack
mitm_i10.0_r1,mitm,10.0,1,4,12.45802945676004,12.230168532090435,21554,0.8680278683903185,0.935163996948894,0.035077121340260156,33.418721330421846,11.906563601078002,20.119999999999916,11.516944874207926,3.1388411602849087,0.059912487377987204,mitm,attack
mitm_i10.0_r2,mitm,10.0,2,5,12.922794838385022,12.695056652539687,26647,0.8963904867628755,0.8872053872053872,0.08150839304336126,47.70186502362078,18.271781568091328,42.759999999999906,17.893404552428404,9.523565003869857,0.048665679134562774,mitm,attack
mitm_i10.0_r3,mitm,10.0,3,5,10.16320077245017,9.917292910468484,17441,0.8341384092974318,0.9297423887587822,0.039456693289970826,33.56739111104776,11.447798837549474,42.22999999999999,10.6447160811113,3.4870916872896274,0.0570252222782444,mitm,attack
mitm_i10.0_r4,mitm,10.0,4,6,11.583943028016996,11.357738256702048,29921,0.8866006874481451,0.7161639597834494,0.2660305795899016,88.46591706754367,16.779597200405785,40.49999999999976,28.604015756728103,7.966819156132065,0.04189795966267001,mitm,attack
mitm_i10.0_r5,mitm,10.0,5,8,10.631159993615471,10.290803804804343,18170,0.7820772177506133,0.975103734439834,0.01876640984806095,15.40795352237313,7.509941749066985,10.990000000000055,8.695942436214903,5.325218043184357,0.042459291043426904,mitm,attack
mitm_i10.0_r6,mitm,10.0,6,4,9.920945076465978,9.704418996493015,18613,0.8502580969348134,0.9480234260614934,0.02316020282307798,15.744993228082233,8.140526956275648,34.03999999999962,6.202865680624564,2.2026497563434897,0.04411195010891447,mitm,attack
mitm_i10.0_r7,mitm,10.0,7,7,11.176055116237626,10.908696209833849,17015,0.8148946360153256,0.9639909977494373,0.02825670498084291,28.61271783626602,11.100143539843048,26.040000000000063,10.430226969364714,6.143673254268557,0.05050514510340986,mitm,attack
mitm_i10.0_r8,mitm,10.0,8,5,12.106600388367744,11.874700372534669,22656,0.8839641045649629,0.8889891696750902,0.12329301599687865,54.937359257859406,11.705393063722088,30.22999999999998,25.470559360859163,10.130371770951943,0.05845268976232458,mitm,attack
mitm_i10.0_r9,mitm,10.0,9,8,9.688589973770144,9.343287458131105,17849,0.7648041820207387,0.9602305475504322,0.02223840946096495,20.294436361808877,7.808601122052595,83.06000000000013,7.691688073967155,4.569602396554547,0.04943655657213707,mitm,attack
mitm_i10.0_r10,mitm,10.0,10,7,11.542893672009168,11.295254487337104,27507,0.8696765626482026,0.8130434782608695,0.19747699895665372,59.734347258255234,14.22014154356612,36.54000000000002,19.30895866829393,8.794752393684226,0.06829022855058565,mitm,attack
mitm_i20.0_r1,mitm,20.0,1,4,12.20460143533992,11.980823331759435,21554,0.8692531053395709,0.9168573607932876,0.05271011453460236,26.408975706618435,11.104377313663369,22.20000000000022,9.737399163439832,2.9422038293001025,0.059912487377987204,mitm,attack
mitm_i20.0_r2,mitm,20.0,2,5,12.969908913268345,12.746952344469989,26647,0.8969939744841283,0.851010101010101,0.07984650082472144,56.12729834084029,19.469069982261246,57.05999999999989,18.622148103973256,8.190098758838568,0.048665679134562774,mitm,attack
mitm_i20.0_r3,mitm,20.0,3,5,9.93887554061055,9.692658698331574,17441,0.8342980148289882,0.936768149882904,0.05548911743602009,31.674657745336575,12.271006427412814,46.59000000000013,10.957004105621014,4.142093481637662,0.0570252222782444,mitm,attack
mitm_i20.0_r4,mitm,20.0,4,6,12.56952063470192,12.338409800624548,29921,0.886128057809631,0.7076566125290024,0.20893798495528046,72.04060109289618,16.818534420123946,38.269999999999804,25.29537735498921,7.02186685435455,0.04189795966267001,mitm,attack
mitm_i20.0_r5,mitm,20.0,5,8,10.647161916564926,10.306511614015175,18170,0.7816398520175514,0.970954356846473,0.016217843930138517,22.26330540804225,8.028688657833396,21.500000000000075,7.122942806755985,4.1220196603448285,0.042459291043426904,mitm,attack
mitm_i20.0_r6,mitm,20.0,6,4,10.042364076143054,9.821106123133537,18613,0.8495983202483112,0.9890190336749634,0.010407157202848275,12.725596013456851,7.078418448176141,43.189999999999614,5.1367509055381255,1.9332418403049048,0.04411195010891447,mitm,attack
mitm_i20.0_r7,mitm,20.0,7,7,11.266303369687737,11.002802640125925,17015,0.815128868448788,0.9302325581395349,0.02414486921529175,30.57760918114144,11.03189888337469,28.53000000000039,10.367264971584834,6.138538246439275,0.05050514510340986,mitm,attack
mitm_i20.0_r8,mitm,20.0,8,5,12.428253270818377,12.202628680231967,22656,0.8854842491987805,0.8646209386281588,0.10353318220902055,34.472700008005866,12.385982801764573,35.810000000000116,21.881997182232325,9.716132108074973,0.05845268976232458,mitm,attack
mitm_i20.0_r9,mitm,20.0,9,8,9.59564295364275,9.254396436167617,17849,0.7653945111492282,0.9342939481268011,0.030145797598627788,20.33768289266547,7.85996022114397,83.48000000000022,6.8566536663340525,3.9096756222305813,0.04943655657213707,mitm,attack
mitm_i20.0_r10,mitm,20.0,10,7,10.99994275703907,10.771222950533387,27507,0.87166080425896,0.6768115942028986,0.23595398802167505,35.76010161914422,12.990220744580938,44.03999999999986,14.231385709526938,8.275011666297514,0.06829022855058565,mitm,attack
mitm_i50.0_r1,mitm,50.0,1,4,12.585691492388502,12.36873239539799,21554,0.8677832353651663,0.07932875667429443,0.0706176020613576,24.566816955452964,10.820971138857246,39.84999999999994,8.572989953148955,2.8615308799524066,0.059912487377987204,mitm,attack
mitm_i50.0_r2,mitm,50.0,2,5,12.974789135121679,12.76008174283124,26647,0.8966317843803627,0.7617845117845118,0.08257343786803055,56.50779562527286,19.299145929616977,66.0099999999999,34.62307222438183,14.164110329315815,0.048665679134562774,mitm,attack
mitm_i50.0_r3,mitm,50.0,3,5,10.11466808291682,9.87012510916113,17441,0.8342182044291385,0.9172521467603435,0.0429042904290429,21.558022396416572,10.589480713239727,70.41999999999993,7.541751480621734,3.1389885708162977,0.0570252222782444,mitm,attack
mitm_i50.0_r4,mitm,50.0,4,6,13.041947621407083,12.806709843479089,29921,0.8853414605278731,0.740139211136891,0.18135282281926854,97.54406120803233,17.98926837717505,67.87000000000009,29.507741943980083,7.887884571454141,0.04189795966267001,mitm,attack
mitm_i50.0_r5,mitm,50.0,5,8,10.69851485942328,10.360394927968452,18170,0.7819425915565693,0.972732661529342,0.013943280113611912,20.113645083168343,8.311348740538142,40.2499999999999,7.527119249325967,4.444375444360185,0.042459291043426904,mitm,attack
mitm_i50.0_r6,mitm,50.0,6,4,10.01635379508843,9.79670321598049,18613,0.8496371022960697,0.972913616398243,0.013557310448715023,14.006783537628111,7.044387657892586,55.69999999999986,5.627111674741033,1.924641021703572,0.04411195010891447,mitm,attack
mitm_i50.0_r7,mitm,50.0,7,7,11.20549913679717,10.943039504365732,17015,0.8148165884493822,0.9197299324831207,0.029115985058902404,22.095489807983,9.838415123895615,49.300000000000125,8.058798476469567,5.201184838718467,0.05050514510340986,mitm,attack
mitm_i50.0_r8,mitm,50.0,8,5,12.290268017441461,12.061081708890434,22656,0.8844472204871955,0.871841155234657,0.11200031230480949,34.98266890909846,12.02911637509121,63.4800000000002,17.179004959764555,8.423106483038293,0.05845268976232458,mitm,attack
mitm_i50.0_r9,mitm,50.0,9,8,9.732277817035408,9.387673542250832,17849,0.7648041820207387,0.9435158501440922,0.018167795012426085,20.57179218629338,7.846062566994387,144.58000000000038,8.309048774303703,5.535766826748695,0.04943655657213707,mitm,attack
mitm_i50.0_r10,mitm,50.0,10,7,11.266068183252269,11.036812776656141,27507,0.8715227171915595,0.6630434782608695,0.21956783473797606,44.49510153434987,13.54514467750018,63.66000000000005,18.013757199373263,11.119494592289541,0.06829022855058565,mitm,attack
mitm_i100.0_r1,mitm,100.0,1,4,12.35602105408924,12.135290282803064,21554,0.8692180505706335,0.8840579710144928,0.04359398314312215,30.937755839269514,11.743335382687336,69.47999999999999,10.947602596181015,3.0997696032475917,0.059912487377987204,mitm,attack
mitm_i100.0_r2,mitm,100.0,2,5,12.358976271782957,12.143707063272773,26647,0.8973866774432545,0.7887205387205387,0.12012527783390584,72.2001554236609,22.355434769671458,94.67999999999988,26.858142028485645,11.724144692440051,0.048665679134562774,mitm,attack
mitm_i100.0_r3,mitm,100.0,3,5,10.432981799006956,10.181194239221922,17441,0.8329830929410641,0.9718969555035128,0.015426497277676952,22.32994918060869,10.148034184129884,101.49000000000008,7.625245569221155,3.077129500752254,0.0570252222782444,mitm,attack
mitm_i100.0_r4,mitm,100.0,4,6,12.12821932646596,11.899384628584505,29921,0.8864168271367204,0.7161639597834494,0.23415790253295807,70.01500714185575,18.574876170583682,113.69000000000007,25.69359585297858,7.957722163376037,0.04189795966267001,mitm,attack
mitm_i100.0_r5,mitm,100.0,5,8,10.732304073747077,10.389972535827411,18170,0.7813709469338609,0.9857735625370481,0.008815687623634643,20.356433367694642,7.770058138619248,101.29999999999973,10.025874163028444,5.708899837150423,0.042459291043426904,mitm,attack
mitm_i100.0_r6,mitm,100.0,6,4,10.121717547481978,9.900384924573274,18613,0.84932694501483,0.9875549048316252,0.003924252794889345,12.110727635078424,7.3298543455325715,82.09999999999962,4.956310467872281,1.9957198957015208,0.04411195010891447,mitm,attack
mitm_i100.0_r7,mitm,100.0,7,7,11.31259778067665,11.043940949498586,17015,0.8144655593317697,0.9714928732183046,0.018524723565171604,20.2580025974559,9.837821098026108,85.95000000000041,7.1876513394095145,4.57990247618943,0.05050514510340986,mitm,attack
mitm_i100.0_r8,mitm,100.0,8,5,11.75726766024036,11.525658051767653,22656,0.8844472204871955,0.8971119133574007,0.1900374765771393,26.56050005861338,10.543811897170993,115.29000000000033,13.54528064371092,6.897725582909483,0.05845268976232458,mitm,attack
mitm_i100.0_r9,mitm,100.0,9,8,9.78592133443843,9.441248927026304,17849,0.7646076079506511,0.940057636887608,0.015721384509938315,19.949043646851074,7.945286416024427,259.3700000000001,8.23111006925871,4.9089123609556236,0.04943655657213707,mitm,attack
mitm_i100.0_r10,mitm,100.0,10,7,11.186449083679191,10.950414163768574,27507,0.870970806155405,0.7246376811594203,0.22186688620100056,53.992126180257515,13.14649669527897,97.28000000000003,22.079136224689933,9.908179125997398,0.06829022855058565,mitm,attack
mitm_i200.0_r1,mitm,200.0,1,4,12.16570164184013,11.941979244494728,21554,0.8688676583222478,0.9153318077803204,0.05526665860442617,31.2129321086262,11.937002103301385,125.45999999999991,11.053419289105895,3.1519885272050643,0.059912487377987204,mitm,attack
mitm_i200.0_r2,mitm,200.0,2,5,12.281764355652278,12.06289570886153,26647,0.8968430263866451,0.8072390572390572,0.1264472267097469,60.52316541263084,20.235129943782848,149.00000000000003,40.9936157826083,17.359669901518394,0.048665679134562774,mitm,attack
mitm_i200.0_r3,mitm,200.0,3,5,10.20242435700353,9.956305261089643,17441,0.8342182044291385,0.9383294301327089,0.036016645142775146,25.578771346002277,11.191838966095643,161.10999999999987,9.07892889795715,3.578686945326934,0.0570252222782444,mitm,attack
mitm_i200.0_r4,mitm,200.0,4,6,12.057763249862933,11.831868860743501,29921,0.8865218808331605,0.6511987625676721,0.2406150928861367,61.429890274291836,18.293933594862718,1199.7699999999995,24.83921727533185,7.887746715955831,0.04189795966267001,mitm,attack
mitm_i200.0_r5,mitm,200.0,5,8,10.67283853035517,10.333938910475798,18170,0.781774373978143,0.967990515708358,0.014112382755356681,16.59783095507672,7.572095406344857,173.95999999999967,6.530027170068557,4.257053267376422,0.042459291043426904,mitm,attack
mitm_i200.0_r6,mitm,200.0,6,4,9.906116158610683,9.6892032962155,18613,0.8502969392416628,0.9612005856515373,0.02366377341251713,12.42492678580387,7.358286378499665,139.93999999999974,5.2360584542204185,2.008219655017246,0.04411195010891447,mitm,attack
mitm_i200.0_r7,mitm,200.0,7,7,11.21838963173887,10.951948376073592,17015,0.8148165884493822,0.9639909977494373,0.028493439325735084,27.069009566986754,11.101055807422743,161.37000000000023,10.023117892094044,6.353114899165753,0.05050514510340986,mitm,attack
mitm_i200.0_r8,mitm,200.0,8,5,12.512362701563932,12.285043096599084,22656,0.8844817489752098,0.855595667870036,0.09888737068124145,33.86375301530444,13.57447336044082,179.3100000000001,17.816984133995177,9.354457484144607,0.05845268976232458,mitm,attack
mitm_i200.0_r9,mitm,200.0,9,8,9.734050228740434,9.390045099226912,17849,0.764509358804129,0.9412103746397694,0.020173898145371995,23.840780205907123,8.59568616133881,275.4500000000002,8.534497284340116,4.586444136110243,0.04943655657213707,mitm,attack
mitm_i200.0_r10,mitm,200.0,10,7,11.573766550867038,11.335330168716593,27507,0.8704471377488054,0.7463768115942029,0.19872788835796334,56.54672428496457,15.017615668459722,163.3300000000002,17.346597558913892,9.243980005682298,0.06829022855058565,mitm,attack
relay_i0.0_r1,relay,0.0,1,4,12.060896397699938,11.835409312668867,21554,0.8690778597637192,0.9328756674294432,0.06144913511551953,31.816329802383166,10.681187203794579,8.65999999999989,11.141198963171593,2.840049012898143,0.059912487377987204,relay,attack
relay_i0.0_r2,relay,0.0,2,5,12.86493475676208,12.64581012922393,26647,0.8974471238043917,0.8265993265993266,0.08716152498989627,35.873627530180116,15.294303344749249,29.66000000000024,17.95990849515928,10.197517280136429,0.048665679134562774,relay,attack
relay_i0.0_r3,relay,0.0,3,5,10.329277779343883,10.080186903757545,17441,0.8336998087954111,0.9547228727556596,0.024904397705544933,17.153408023565426,8.427155474925048,31.320000000000014,6.879446616997131,2.7205201467022357,0.0570252222782444,relay,attack
relay_i0.0_r4,relay,0.0,4,6,12.097047803616501,11.866118327991895,29921,0.886889764946498,0.7378190255220418,0.23446068115125826,49.101743853630644,14.44109886351098,26.100000000000012,23.324765809200414,7.154701376525813,0.04189795966267001,relay,attack
relay_i0.0_r5,relay,0.0,5,8,10.73119973339889,10.389428129070597,18170,0.7817407391472702,0.981624184943687,0.008819859742718237,18.643887144953588,7.124866842217996,4.750000000000032,9.571256252062742,5.519001427339126,0.042459291043426904,relay,attack
relay_i0.0_r6,relay,0.0,6,4,10.060372427666758,9.83891963606011,18613,0.8495595417408371,0.9897510980966325,0.00862659181158428,14.10907799296928,6.828634178693858,28.750000000000053,5.476822106985133,1.8685643370587557,0.04411195010891447,relay,attack
relay_i0.0_r7,relay,0.0,7,7,11.208126019453156,10.939221341944158,17015,0.8146605381595327,0.981245311327832,0.02551948673752753,25.27576778921459,10.411320741963154,19.24999999999999,10.010578328719335,6.3255844702081205,0.05050514510340986,relay,attack
relay_i0.0_r8,relay,0.0,8,5,11.864226717008682,11.635862099395508,22656,0.8846198898910624,0.8637184115523465,0.13978368669712232,37.89343768614733,12.225086863739655,21.480000000000388,27.15659034335156,12.769814835160641,0.05845268976232458,relay,attack
relay_i0.0_r9,relay,0.0,9,8,9.708534734354473,9.364920996208392,17849,0.7649680709724425,0.9446685878962536,0.020357433677623965,22.471948358120315,7.5990688203600225,83.66000000000007,8.22439516233395,4.971896306221671,0.04943655657213707,relay,attack
relay_i0.0_r10,relay,0.0,10,7,11.155762011052637,10.91143964403617,27507,0.8706124386770059,0.8101449275362319,0.22209210318088304,35.87557957303091,12.335037570121276,29.900000000000038,17.22519584622604,8.945513686794069,0.06829022855058565,relay,attack
relay_i0.0_r11,relay,0.0,11,8,10.752290010537651,10.480112547849195,18535,0.8260908321076793,0.8163592622293504,0.1128938806435798,57.27890575918131,15.265668648250166,1021.42,16.569350416473483,8.348343525127861,0.040981753031014624,relay,attack
relay_i0.0_r12,relay,0.0,12,8,11.455882064028563,11.14729501818538,24290,0.8268936170212766,0.7732362821948489,0.1526468085106383,67.62984345455588,10.756550592531822,1065.8100000000004,42.11565348024711,16.329791975103667,0.046786709754157677,relay,attack
relay_i0.0_r13,relay,0.0,13,8,12.177790648400997,11.918616803728712,22188,0.8547324627296892,0.7532467532467533,0.10705343040949189,43.842847983761175,15.379720511424114,1497.4599999999998,28.515021058733197,12.202562623685159,0.050171423235577293,relay,attack
relay_i0.0_r14,relay,0.0,14,6,10.937490237385433,10.676929072347026,20709,0.8335614232812751,0.7578558225508318,0.1253018837546289,30.16665779103206,11.286438385344551,1160.5000000000002,12.044029556372488,5.159995275114745,0.0579617619403525,relay,attack
relay_i0.0_r15,relay,0.0,15,4,13.527208606233307,13.332333439757651,22883,0.8918813579140196,0.7476231633535004,0.1341933975133492,53.50871372071798,16.57586784301795,1011.4700000000001,18.948608479648982,4.335542827367096,0.04567336792177127,relay,attack
relay_i0.0_r16,relay,0.0,16,5,12.254995596356482,12.008020803221564,19182,0.8514359270273869,0.9790062981105668,0.07838785565271428,26.57556173995742,8.69229632497169,24.05999999999997,8.260958567335146,3.1593590471918502,0.04191481117171898,relay,attack
relay_i0.0_r17,relay,0.0,17,6,12.45517255995477,12.18572199209385,19853,0.8308432726511823,0.8984593837535014,0.01372672107135384,19.61912087680599,8.993022019458497,1020.2999999999997,8.356551134269521,5.052765595214982,0.058157386539779095,relay,attack
relay_i0.0_r18,relay,0.0,18,5,12.428121452621886,12.176139755691894,24402,0.8746863574449781,0.9016253207869974,0.07817764714316439,40.297949111609455,14.500162101086769,23.399999999999643,18.018035820640293,5.95114640520174,0.04617242187091624,relay,attack
relay_i0.0_r19,relay,0.0,19,5,12.34774658910889,12.130377375907853,23403,0.8830654290242246,0.9465500485908649,0.01973435967096823,28.12323232240844,9.44854805886515,18.829999999999902,7.915216633280949,2.674001675256018,0.05254708535069917,relay,attack
relay_i0.0_r20,relay,0.0,20,7,13.239273712366902,12.975559071919983,24816,0.8454331754846183,0.7753813782219884,0.14451674445542192,43.99484778412673,10.411909434899766,1020.1600000000002,24.39704708490135,14.786171558814432,0.047608484563884945,relay,attack
relay_i0.0_r21,relay,0.0,21,4,10.631595946902756,10.419652918104346,17588,0.8587052045698662,0.9940374787052811,0.008299970705985744,21.708217652099403,8.610676949443015,16.529999999999934,7.545523848035656,2.326225908809821,0.04782454301029812,relay,attack
relay_i0.0_r22,relay,0.0,22,6,12.199037244846895,11.88520668238686,18522,0.7893458342211804,0.9143185738930419,0.05514596207116983,42.079866209262434,9.586355174385364,28.960000000000097,20.391076385113884,8.433033487613004,0.04836106244508156,relay,attack
relay_i0.0_r23,relay,0.0,23,4,12.08072742467825,11.881120218910052,19912,0.8803218533091649,0.8681214421252372,0.13329501746319466,40.15017849896324,15.088271867651718,19.05000000000001,14.007456019574578,3.9931175090589734,0.053837562273288536,relay,attack
relay_i0.0_r24,relay,0.0,24,4,14.068217356503743,14.012263447567879,21642,0.9201530612244898,0.0,0.14481292517006802,,,,10.32977768995476,4.420127508311056,0.05454077310874197,relay,attack
relay_i0.0_r25,relay,0.0,25,6,10.469849610712473,10.220681739278298,25358,0.8631041524846834,0.6799292661361627,0.27157930565010213,52.99301346202547,17.282684153167175,1019.1500000000002,19.671160596899895,6.768519029553843,0.05967948022115101,relay,attack
relay_i0.0_r26,relay,0.0,26,6,10.274900650136408,10.04443238526156,15170,0.8372888839827796,0.9769769769769769,0.025830665636383705,13.61987830781393,7.861006355579596,13.419999999999987,5.995531196108023,3.558132286283792,0.04927794431281811,relay,attack
relay_i0.0_r27,relay,0.0,27,5,13.087784449316436,12.826731116005389,23275,0.8677901644233996,0.9243827160493827,0.031766153387271165,37.77795180465846,13.05559401451834,135.51000000000002,10.993182119780794,3.8239971581982295,0.04214832089782937,relay,attack
relay_i0.0_r28,relay,0.0,28,7,11.722473389060664,11.338813061496362,24207,0.8526293543728647,0.04481792717086835,0.12461695607763024,38.796683864414035,11.658750668306244,2015.3899999999996,16.199244527620795,9.054590266452974,0.049087466597104994,relay,attack
relay_i0.0_r29,relay,0.0,29,7,11.975555376171185,11.733925722081473,19731,0.834538764116229,0.8462055070517126,0.12709892991583133,38.773651198279744,10.02348195932901,5.840000000000067,15.849004874493671,9.15356039378587,0.04083515310119076,relay,attack
relay_i0.0_r30,relay,0.0,30,8,11.493762672611766,11.161568148880821,17875,0.7956113410780256,0.9075458871515976,0.08176436551386478,35.2591464802427,11.118639452678352,82.5199999999997,16.036884513981438,9.764973747059113,0.05560924489175488,relay,attack
relay_i0.0_r31,relay,0.0,31,4,11.905429284766152,11.664606156750184,16987,0.8382846427161469,0.9591078066914498,0.013669561784445321,19.435515168625237,8.810809742268647,32.00000000000003,7.322781114545419,2.3901256386688616,0.05115731774164078,relay,attack
relay_i0.0_r32,relay,0.0,32,5,10.719782343613733,10.452624507778944,20098,0.8304958677685951,0.9056603773584906,0.0787190082644628,39.09918037107316,11.542046146953405,19.950000000000134,12.410438025853367,4.303156046333956,0.06037978108473743,relay,attack
relay_i0.0_r33,relay,0.0,33,8,10.990585164400867,10.70715568691553,20422,0.825031309336242,0.9763113367174281,0.023148709247363956,14.691809364682369,7.849381479674966,15.29999999999987,6.3700855026323255,3.541555154454865,0.046127791668562734,relay,attack
relay_i0.0_r34,relay,0.0,34,5,10.960457253762284,10.672602435030344,17273,0.8071872517407356,0.8532167395377889,0.06701247721856161,46.245099282787606,12.019977024516884,1045.0899999999997,16.497856217958834,6.7442392152971085,0.05662056733989951,relay,attack
relay_i0.0_r35,relay,0.0,35,7,11.318979309058793,11.036232996262836,20379,0.8037467955038454,0.7830440587449933,0.0981266022480773,36.27019274075504,10.844635650404541,1012.7899999999998,19.310660444461316,9.019588928606769,0.05834020651357219,relay,attack
relay_i0.0_r36,relay,0.0,36,7,10.776958615677453,10.51441819171814,22687,0.8299615877080666,0.7735229759299781,0.18126943479056154,56.396397622478965,11.164982509052958,29.650000000000176,36.43266174453112,15.923228421707792,0.05236565776780665,relay,attack
relay_i0.0_r37,relay,0.0,37,7,12.997467400094285,12.750320979687894,26247,0.8666952846387531,0.7836644591611479,0.1091995773345661,35.01810248791742,14.182294980019115,25.330000000000297,14.86211198702675,7.6230193899558625,0.048552077953548024,relay,attack
relay_i0.0_r38,relay,0.0,38,8,10.737667948822207,10.411084125903841,18271,0.7978951045897201,0.9546742209631728,0.03397528276343945,25.306870278465265,10.130544285782161,18.680000000000252,11.083604478883878,6.533722068622273,0.04311510874913651,relay,attack
relay_i0.0_r39,relay,0.0,39,8,12.461968907722605,12.147823775161413,22368,0.8224436518733684,0.9296730413325108,0.04768908335478178,32.013191958653046,10.694980700393469,29.67999999999993,25.154234655952607,11.771018681551073,0.0482960833506025,relay,attack
relay_i0.0_r40,relay,0.0,40,5,12.137755872020525,11.921459833429891,27763,0.8908390823038665,0.706746826987308,0.20776512112947215,51.67900274637087,14.317128259086207,17.19000000000026,20.661248909365156,8.225555800914096,0.04296492278960008,relay,attack
relaypos_i5.0_r1,relaypos,5.0,1,4,12.686172911571255,12.451653802840113,21554,0.8670152855993564,0.988558352402746,0.017095736122284794,13.52270886547467,6.504908897403151,9.199999999999875,6.075828559539307,1.7810595644945637,0.059912487377987204,relaypos,attack
relaypos_i5.0_r2,relaypos,5.0,2,5,13.617907051859438,13.377845070422536,26647,0.8948252123979986,0.9730639730639731,0.034789616844084756,23.373031317710243,11.666764191768818,21.02000000000004,18.55282076001,10.432236842785915,0.048665679134562774,relaypos,attack
relaypos_i5.0_r3,relaypos,5.0,3,5,10.467552283948912,10.213941733054618,17441,0.8329035339063993,0.9859484777517564,0.012511938872970392,9.009284700939878,5.740786651630613,19.480000000000164,4.758140208182133,2.049596709708944,0.0570252222782444,relaypos,attack
relaypos_i5.0_r4,relaypos,5.0,4,6,12.72119342511574,12.477061347600497,29921,0.8848440041401745,0.8252126836813611,0.19976341860121247,28.997861139787407,10.73747953875723,17.850000000000144,20.799347756336587,7.38431860800367,0.04189795966267001,relaypos,attack
relaypos_i5.0_r5,relaypos,5.0,5,8,10.765282873773726,10.42102333687845,18170,0.781404549950544,0.995257854179016,0.005977723304519847,7.321751042287076,3.7961226920786184,13.939999999999841,5.639671217157958,3.6228657744497763,0.042459291043426904,relaypos,attack
relaypos_i5.0_r6,relaypos,5.0,6,4,10.151805710144439,9.928703093213933,18613,0.8491332116788322,1.0,0.0006386861313868613,5.371200585651538,3.346303074670571,21.20999999999995,2.9558854198146802,0.9906391591725086,0.04411195010891447,relaypos,attack
relaypos_i5.0_r7,relaypos,5.0,7,7,11.31658871104134,11.045954434418466,17015,0.8143875939309817,0.9879969992498124,0.016847748049585987,10.04756499108008,5.371128003025692,15.03000000000032,6.798143527611679,4.4732370011303155,0.05050514510340986,relaypos,attack
relaypos_i5.0_r8,relaypos,5.0,8,5,12.669247824326495,12.435591762000287,22656,0.8847235238987816,0.9305054151624549,0.08434864104967198,18.207704229520104,7.764816884473525,21.520000000000206,15.923686532507565,8.486858381537887,0.05845268976232458,relaypos,attack
relaypos_i5.0_r9,relaypos,5.0,9,8,9.890290752292168,9.53743603575169,17849,0.7637569533590073,0.9959654178674352,0.0019255455712451862,5.110607638888889,3.3017708333333333,86.08000000000038,5.592016716572051,4.19660016271383,0.04943655657213707,relaypos,attack
relaypos_i5.0_r10,relaypos,5.0,10,7,11.443680864428076,11.19305140740946,27507,0.8694566488605114,0.841304347826087,0.20245282422480007,41.22556466302368,10.392970863162056,22.600000000000176,19.67194757429204,12.06071969766997,0.06829022855058565,relaypos,attack
relaypos_i5.0_r11,relaypos,5.0,11,8,10.762020249743596,10.479466710319299,18535,0.8228269555180681,0.9294306335204491,0.10490100328509278,28.847693571050165,11.068475879188528,19.360000000000266,15.438191831039795,8.783436066964365,0.040981753031014624,relaypos,attack
relaypos_i5.0_r12,relaypos,5.0,12,8,11.634505811338752,11.310259518760947,24290,0.8242559978282262,0.8673012318029115,0.13454816926261495,29.070147283628256,7.156147224443802,263.3400000000004,20.17998219066451,10.19562235407205,0.046786709754157677,relaypos,attack
relaypos_i5.0_r13,relaypos,5.0,13,8,12.652675311770157,12.377295167278605,22188,0.8535487593768032,0.9471243042671614,0.06678207347566839,33.372725917706816,11.718452041559832,59.330000000000105,16.17109694550513,6.9189656987499975,0.050171423235577293,relaypos,attack
relaypos_i5.0_r14,relaypos,5.0,14,6,11.714457621954944,11.42838854735307,20709,0.8269046478198371,0.9630314232902033,0.058337326305701966,20.911555474802064,8.112443891906304,7.319999999999993,8.616468150896974,4.158091180555706,0.0579617619403525,relaypos,attack
relaypos_i5.0_r15,relaypos,5.0,15,4,13.905674826220334,13.690432744373732,22883,0.886663050216987,0.9360414866032843,0.10365003099814012,29.81828602051522,9.92061427410488,16.739999999999977,13.512789346829196,2.6624999840670935,0.04567336792177127,relaypos,attack
relaypos_i5.0_r16,relaypos,5.0,16,5,12.646349679349905,12.39592915463119,19182,0.8507184672698244,0.9979006298110566,0.002572290225297144,8.721002805049087,5.3683590462833095,19.059999999999633,4.7650394444899415,2.9586529662174597,0.04191481117171898,relaypos,attack
relaypos_i5.0_r17,relaypos,5.0,17,6,12.517162027085353,12.241432755689884,19853,0.826726076455401,0.9894957983193278,0.004955442658449238,5.549846680300423,3.916282223763778,17.100000000000115,4.141848062212074,3.4041953058002394,0.058157386539779095,relaypos,attack
relaypos_i5.0_r18,relaypos,5.0,18,5,12.444000495256283,12.185437386839233,24402,0.8744042713297739,0.9375534644995723,0.07564410362991364,27.440564788426478,12.027844683182717,19.86999999999961,18.184525598231986,5.8350917981397155,0.04617242187091624,relaypos,attack
relaypos_i5.0_r19,relaypos,5.0,19,5,12.51956657546569,12.29709673622118,23403,0.8824993400957803,0.9951409135082604,0.004336513443191674,6.90671875,4.316728515625,16.669999999999963,3.234291607748829,1.4384598648016746,0.05254708535069917,relaypos,attack
relaypos_i5.0_r20,relaypos,5.0,20,7,12.525447043803815,12.253075575260196,24816,0.841419997965619,0.8721725407680169,0.17749974570237007,41.33729338506178,8.643355393994717,128.28000000000017,25.591880622184018,12.155827518745186,0.047608484563884945,relaypos,attack
relaypos_i5.0_r21,relaypos,5.0,21,4,10.614747308667498,10.403291100233487,17588,0.8589568275053722,0.9889267461669506,0.009718695057628443,5.932213608957795,4.422532299741602,17.260000000000275,3.601994019424437,1.2770199844860268,0.04782454301029812,relaypos,attack
relaypos_i5.0_r22,relaypos,5.0,22,6,12.581464984932703,12.254448062583094,18522,0.7870984191738909,0.9810235767682576,0.024179840217576066,25.787995262873643,7.130686231267082,30.17000000000003,19.270113623772804,9.081165609175603,0.04836106244508156,relaypos,attack
relaypos_i5.0_r23,relaypos,5.0,23,4,12.79172494076981,12.581110631400126,19912,0.8788066025244946,0.967741935483871,0.033012622473298614,28.07869745980584,10.709339837304785,10.97999999999999,10.93854604662539,2.8713056854435,0.053837562273288536,relaypos,attack
relaypos_i5.0_r24,relaypos,5.0,24,5,13.822838867882707,13.61068231371762,21642,0.8783635699500791,0.914332784184514,0.1167661025203945,34.629697703065,10.743396130715166,18.380000000000063,13.960255801229284,5.180355284601818,0.05454077310874197,relaypos,attack
relaypos_i5.0_r25,relaypos,5.0,25,6,11.530611767556362,11.263391035866706,25358,0.8612280940089662,0.8443854995579133,0.20224833582393698,36.99682399169156,11.377987858542383,17.819999999999947,22.03647215493105,7.2009366055477555,0.05967948022115101,relaypos,attack
relaypos_i5.0_r26,relaypos,5.0,26,6,10.569952697663103,10.336861319908719,15170,0.8367808483644988,0.995995995995996,0.0035302553919135085,4.348451262335775,3.025618019817965,17.97000000000004,2.8912690485304426,1.6044841437249826,0.04927794431281811,relaypos,attack
relaypos_i5.0_r27,relaypos,5.0,27,5,13.242538681537535,12.975381467147116,23275,0.8674344066785927,0.9722222222222222,0.01960345855694693,14.914588809712328,7.089559589789993,107.26000000000013,5.600959305197281,2.2455965239898177,0.04214832089782937,relaypos,attack
relaypos_i5.0_r28,relaypos,5.0,28,7,11.795268187813207,11.485367738796546,24207,0.84773244615654,0.9278711484593838,0.07144107862020661,20.18277847386375,7.1054733117241575,20.61999999999964,15.274392374668361,8.422319005939277,0.049087466597104994,relaypos,attack
relaypos_i5.0_r29,relaypos,5.0,29,7,12.546881899498798,12.290168149907979,19731,0.8326370426636283,0.9503022162525184,0.08528505718023378,32.982339386045496,9.052683001478306,5.269999999999886,16.049018502545927,7.897925271692524,0.04083515310119076,relaypos,attack
relaypos_i5.0_r30,relaypos,5.0,30,8,11.592058222736236,11.254034067934574,17875,0.7946916818565776,0.9326988443235894,0.07375627973147202,26.13502375937665,9.250249955905087,57.60999999999994,20.78797251843327,11.897862124355457,0.05560924489175488,relaypos,attack
relaypos_i5.0_r31,relaypos,5.0,31,4,12.005682189274028,11.75940332982804,16987,0.8372929810725552,0.9977695167286246,0.005076892744479495,9.695208643815203,4.66365871833085,21.720000000000184,4.530253464782334,1.345807496542504,0.05115731774164078,relaypos,attack
relaypos_i5.0_r32,relaypos,5.0,32,5,11.107641470122957,10.827969672227301,20098,0.8278958642280442,0.9701765063907486,0.04687757455923546,31.29376663109325,9.040048141301988,17.440000000000122,10.788406335331647,3.383291779049383,0.06037978108473743,relaypos,attack
relaypos_i5.0_r33,relaypos,5.0,33,8,11.148831014800388,10.861730541288027,20422,0.82463153644256,0.9991539763113367,0.010135271552594386,5.477840812870449,3.9487722269263337,14.650000000000052,5.0158897489340095,3.561695596124253,0.046127791668562734,relaypos,attack
relaypos_i5.0_r34,relaypos,5.0,34,5,11.574927588501232,11.274344096798092,17273,0.8025741102128054,0.9868831980012492,0.015704860143109376,18.871633967578294,6.678416993390837,22.81999999999984,16.62648901552786,8.814540083988735,0.05662056733989951,relaypos,attack
relaypos_i5.0_r35,relaypos,5.0,35,7,12.100896514264912,11.79605786738803,20379,0.8015654499685336,0.8885180240320427,0.03587161736941473,27.408625273199014,7.678788203741336,1010.4199999999998,15.044900813702133,7.834451854013759,0.05834020651357219,relaypos,attack
relaypos_i5.0_r36,relaypos,5.0,36,7,11.327843383402671,11.049838964422754,22687,0.8280833667919846,0.8763676148796499,0.13829981384823156,44.52736293096334,8.761736439971564,18.2500000000001,31.829909822970702,16.825562230814313,0.05236565776780665,relaypos,attack
relaypos_i5.0_r37,relaypos,5.0,37,7,13.923135484545599,13.654609754794595,26247,0.8646680942184154,0.9381898454746137,0.04658211167847142,37.688432221111015,10.184980549746948,24.2,18.103807397586003,9.222342563673033,0.048552077953548024,relaypos,attack
relaypos_i5.0_r38,relaypos,5.0,38,8,11.08921999063634,10.75420118315986,18271,0.7966426858513189,0.9985835694050992,0.003618923043383475,9.507609929078015,5.514276595744681,15.790000000000415,5.364976526267679,3.765244640792032,0.04311510874913651,relaypos,attack
relaypos_i5.0_r39,relaypos,5.0,39,8,12.845907951170588,12.5208303619633,22368,0.8213564425513165,0.9814929056138186,0.017221753020232804,13.237176380909826,6.670373286375411,21.04000000000017,7.239703660801624,5.009250625276311,0.0482960833506025,relaypos,attack
relaypos_i5.0_r40,relaypos,5.0,40,5,12.8261884972461,12.576733407432977,27763,0.8863172008683438,0.8931195724782899,0.15923892223215425,39.70193222267212,10.993250817146894,17.620000000000413,21.80496483140718,10.130745246946308,0.04296492278960008,relaypos,attack
relaypos_i6.0_r1,relaypos,6.0,1,4,12.748193857079041,12.514873520087987,21554,0.8672943827458555,0.9816933638443935,0.013077418316433284,17.188776903726787,7.2549499861913125,13.900000000000023,6.938697072588639,1.967938079994871,0.059912487377987204,relaypos,attack
relaypos_i6.0_r2,relaypos,6.0,2,5,13.436874832953405,13.199558132335143,26647,0.895276172557452,0.9503367003367004,0.04612955247950544,26.24528630411629,10.975023890236304,25.640000000000107,18.488955243121662,10.321685216555018,0.048665679134562774,relaypos,attack
relaypos_i6.0_r3,relaypos,6.0,3,5,10.355866716970459,10.10299047971561,17441,0.8329433115239505,0.9843871975019516,0.020058264482544535,14.334898124601377,6.810318898507655,19.480000000000164,6.321995542311095,2.6893229338981417,0.0570252222782444,relaypos,attack
relaypos_i6.0_r4,relaypos,6.0,4,6,12.891844339615107,12.645985871181786,29921,0.8843209694103739,0.7989172467130704,0.186788828136545,41.44953329284952,13.159566425203625,18.429999999999946,21.269084113476982,7.111248214809989,0.04189795966267001,relaypos,attack
relaypos_i6.0_r5,relaypos,6.0,5,8,10.767644524762877,10.423106335455087,18170,0.7811693895098882,0.998221695317131,0.005932932072226999,7.41941188155637,3.9133811280828845,13.789999999999747,5.268109712649512,3.6506771583681576,0.042459291043426904,relaypos,attack
relaypos_i6.0_r6,relaypos,6.0,6,4,10.096340914734483,9.874712363560215,18613,0.8494044631040935,0.9882869692532943,0.006160726509377995,6.419869757174393,3.875835221976944,24.540000000000006,3.4928628648370177,1.1245254757656753,0.04411195010891447,relaypos,attack
relaypos_i6.0_r7,relaypos,6.0,7,7,11.520506478605046,11.247496064984322,17015,0.8138811824356644,0.9992498124531133,0.0014828278962977135,8.199954954954954,5.033498498498498,8.320000000000327,5.599177666694124,4.4275216844994905,0.05050514510340986,relaypos,attack
relaypos_i6.0_r8,relaypos,6.0,8,5,12.474289105298562,12.239049596896646,22656,0.8843091334894614,0.9359205776173285,0.09726775956284153,20.1961612901154,8.517464810572104,19.29000000000025,18.79225480051562,9.815039633690157,0.05845268976232458,relaypos,attack
relaypos_i6.0_r9,relaypos,6.0,9,8,9.893404674417082,9.5398630526343,17849,0.7636915967824748,0.9953890489913545,0.001968167037480746,7.105463023519686,3.820919637448079,113.43000000000015,6.012938234537804,4.514387663460264,0.04943655657213707,relaypos,attack
relaypos_i6.0_r10,relaypos,6.0,10,7,11.918232570371908,11.671270768800913,27507,0.8700341599190283,0.8181159420289855,0.17437373481781376,29.97716913489319,8.73060853043317,22.400000000000198,48.320968841456434,19.860289258042428,0.06829022855058565,relaypos,attack
relaypos_i7.0_r1,relaypos,7.0,1,4,12.883972614894576,12.648644021396164,21554,0.8669455393773631,0.996186117467582,0.0022926554581288714,10.502412729899435,5.179881138316357,19.74000000000009,4.75892752439654,1.4454481471035057,0.059912487377987204,relaypos,attack
relaypos_i7.0_r2,relaypos,7.0,2,5,13.477152179325543,13.239403278919058,26647,0.8949153680816765,0.9444444444444444,0.042987641053197204,28.224588770977068,11.15262687835379,26.24000000000004,13.81141047395667,7.703720578480106,0.048665679134562774,relaypos,attack
relaypos_i7.0_r3,relaypos,7.0,3,5,10.403867431843183,10.15231431313663,17441,0.8333811162079511,0.9765807962529274,0.017010703363914373,11.945863557561594,5.989759962730453,24.499999999999744,5.216700174815539,2.1887832253867936,0.0570252222782444,relaypos,attack
relaypos_i7.0_r4,relaypos,7.0,4,6,12.693463948805343,12.447728872673217,29921,0.8840335637889263,0.7904098994586234,0.1978963540743367,51.472115029150714,11.285213280107989,23.029999999999884,26.249147791334533,7.524102373809298,0.04189795966267001,relaypos,attack
relaypos_i7.0_r5,relaypos,7.0,5,8,10.501070017726494,10.156034359225993,18170,0.7811358067151025,1.0,0.06775289110528353,5.8892768227623,3.2052341434499105,18.249999999999655,4.254549599861047,3.0154756247018693,0.042459291043426904,relaypos,attack
relaypos_i7.0_r6,relaypos,7.0,6,4,10.155154144144765,9.932082515059605,18613,0.8491332116788322,1.0,0.0005930656934306569,7.110197657393851,3.966954612005856,20.019999999999705,3.3950709197248066,1.1449308573025394,0.04411195010891447,relaypos,attack
relaypos_i7.0_r7,relaypos,7.0,7,7,11.453372872091819,11.181780750789496,17015,0.8140758815367686,0.9954988747186797,0.006889622506100187,10.449140919366993,5.3438658628485305,7.450000000000401,5.594025406320016,3.988354907699685,0.05050514510340986,relaypos,attack
relaypos_i7.0_r8,relaypos,7.0,8,5,12.495553867257561,12.260453633698505,22656,0.883998595341215,0.9205776173285198,0.09590698037379532,22.62979023307436,7.797424713281538,16.240000000000254,18.240182449171563,11.409105607884495,0.05845268976232458,relaypos,attack
relaypos_i7.0_r9,relaypos,7.0,9,8,9.856440948428752,9.513453971261647,17849,0.7689888414975659,0.9025936599423631,0.011804747748912154,8.158738013083962,3.9759247171612833,1038.98,4.358788675797431,2.9755641084031628,0.04943655657213707,relaypos,attack
relaypos_i7.0_r10,relaypos,7.0,10,7,11.760010626039096,11.509293486962727,27507,0.8685781047712274,0.8144927536231884,0.18323912974833434,46.519072970791214,9.535736870828739,25.760000000000005,38.56200937645292,17.312651911633758,0.06829022855058565,relaypos,attack
relaypos_i4.0_r1,relaypos,4.0,1,4,11.60834589765123,11.389454183124695,21554,0.8718550279103633,0.8146453089244852,0.146064234285252,35.02575821033477,13.32624076909005,1017.8799999999999,12.02203231624805,3.5157911941420825,0.059912487377987204,relaypos,attack
relaypos_i4.0_r2,relaypos,4.0,2,5,12.210039897639927,12.01456102382052,26647,0.9039009497964722,0.5959595959595959,0.1385685210312076,63.851450116009275,22.442732215187384,2013.7099999999996,23.681335035453806,12.318985668052742,0.048665679134562774,relaypos,attack
relaypos_i4.0_r3,relaypos,4.0,3,5,10.004016325528285,9.760067740786377,17441,0.8343379257558362,0.9172521467603435,0.052430156907768845,35.46031037579442,12.469245254213872,25.859999999999772,11.031814969696576,3.781521805541557,0.0570252222782444,relaypos,attack
relaypos_i4.0_r4,relaypos,4.0,4,6,11.599304805120575,11.387025748122769,29921,0.8885490289243927,0.6140757927300851,0.26807032131614894,50.73726831070093,15.235979443586574,24.97000000000016,22.254106965807512,7.106208645479882,0.04189795966267001,relaypos,attack
relaypos_i4.0_r5,relaypos,4.0,5,8,10.382714447674795,10.06531228461715,18170,0.7838315862128468,0.8298755186721992,0.04878995729261033,42.25054040359142,10.502745088452308,6.489999999999885,13.738269912258954,7.538978896318625,0.042459291043426904,relaypos,attack
relaypos_i4.0_r6,relaypos,4.0,6,4,9.560120089998643,9.358639450284429,18613,0.8558094625040231,0.7862371888726208,0.06326727665639799,31.436904700684885,13.841054572512718,1017.2499999999998,10.573283337587789,3.6414376975522766,0.04411195010891447,relaypos,attack
relaypos_i4.0_r7,relaypos,4.0,7,7,10.445292217012442,10.189049969604863,17015,0.8174000768639508,0.90847711927982,0.08536702536510377,40.408193412239655,14.411754149762443,16.180000000000305,16.5962137024056,8.95428866584495,0.05050514510340986,relaypos,attack
relaypos_i4.0_r8,relaypos,4.0,8,5,12.09824139892125,11.878214835937285,22656,0.8859343839205412,0.8131768953068592,0.12642239862354826,42.160686665104286,13.706555034025937,20.59999999999995,20.795535345577633,10.571914492770333,0.05845268976232458,relaypos,attack
relaypos_i4.0_r9,relaypos,4.0,9,8,9.452193018840683,9.1189449600542,17849,0.7664462384060461,0.8956772334293948,0.04680522157334249,30.115861078923047,9.334551222807601,181.00000000000006,10.686743219024757,6.063594149083769,0.04943655657213707,relaypos,attack
relaypos_i4.0_r10,relaypos,4.0,10,7,10.637406519041807,10.40593189842088,27507,0.8712190795933235,0.6971014492753623,0.2578152218667849,52.44359429964966,12.36601689458956,24.310000000000276,18.980771600127124,8.490730376474927,0.06829022855058565,relaypos,attack
greypos_i0.02_r1,greypos,0.02,1,4,12.619347308552966,12.38744362439246,21554,0.868167720626737,0.9687261632341724,0.02146856245216901,17.087183410368368,7.147165622278655,9.199999999999875,7.1442553364569275,1.9422082108545835,0.059912487377987204,greypos,attack
greypos_i0.02_r2,greypos,0.02,2,5,13.313695439381668,13.07908591399804,26647,0.8960589145201425,0.9292929292929293,0.05454300894478445,34.01158708930875,12.817966082403824,21.02000000000004,22.56466816828962,11.518914379321025,0.048665679134562774,greypos,attack
greypos_i0.02_r3,greypos,0.02,3,5,10.352983421293422,10.103081378589334,17441,0.8341783049550411,0.9531615925058547,0.0218576621388942,12.557780235428691,6.913249390612811,19.480000000000164,6.221517730407246,2.8674259355942717,0.0570252222782444,greypos,attack
greypos_i0.02_r4,greypos,0.02,4,6,12.525307782079084,12.277432813313467,29921,0.8850533913094921,0.8306264501160093,0.20898038867690125,46.49800126339894,11.280256068592035,17.850000000000144,26.975747492651138,7.400381723967018,0.04189795966267001,greypos,attack
greypos_i0.02_r5,greypos,0.02,5,8,10.744554918096696,10.402899229306936,18170,0.7827173257517016,0.972139893301719,0.006892392521754114,8.975934469410326,4.1646442458815995,13.939999999999841,5.687157999336971,4.423045493104234,0.042459291043426904,greypos,attack
greypos_i0.02_r6,greypos,0.02,6,4,10.114736118330216,9.894035243229213,18613,0.8502969392416628,0.9751098096632503,0.0038373686614892647,6.765400892094441,3.766020602714151,21.20999999999995,3.4425827560691995,1.097369731201872,0.04411195010891447,greypos,attack
greypos_i0.02_r7,greypos,0.02,7,7,11.386181895642997,11.117244751502179,17015,0.8152850982271203,0.9707426856714179,0.012505989458552946,8.250990896865384,5.019931125295928,15.03000000000032,7.63955472595598,4.391541306009034,0.05050514510340986,greypos,attack
greypos_i0.02_r8,greypos,0.02,8,5,12.716508400596057,12.481600713650277,22656,0.885,0.927797833935018,0.08125,19.508395006300326,7.76534928922737,21.520000000000206,16.534418498068575,8.355768079862147,0.05845268976232458,greypos,attack
greypos_i0.02_r9,greypos,0.02,9,8,9.827316295842841,9.478341490018227,17849,0.7653288740245262,0.968299711815562,0.007503644627390447,6.831233449477351,3.678540650406504,86.08000000000038,5.591863949741891,4.139031673263016,0.04943655657213707,greypos,attack
greypos_i0.02_r10,greypos,0.02,10,7,11.630394509423073,11.38084609020193,27507,0.8707778023995695,0.8405797101449275,0.18962297002120992,33.57194127831482,9.048427211080652,22.600000000000176,20.1410737098795,11.089647207931531,0.06829022855058565,greypos,attack
greypos_i0.05_r1,greypos,0.05,1,4,12.351500289186964,12.123902566996628,21554,0.8697090747689948,0.9321128909229596,0.04022918936367671,23.50665282275997,8.61657272632897,9.199999999999875,9.508982960994164,2.3161400743336142,0.059912487377987204,greypos,attack
greypos_i0.05_r2,greypos,0.05,2,5,13.471546137453524,13.23874414149904,26647,0.8972053872053872,0.9048821548821548,0.0436026936026936,34.99224819742054,12.472473768660507,21.02000000000004,17.746748231665844,10.047109908610292,0.048665679134562774,greypos,attack
greypos_i0.05_r3,greypos,0.05,3,5,10.48452314258339,10.236209886667652,17441,0.8356170946722883,0.9258391881342701,0.01121119202759678,8.7273697239227,5.699385639339334,19.480000000000164,7.004130274036524,2.9097148509340447,0.0570252222782444,greypos,attack
greypos_i0.05_r4,greypos,0.05,4,6,12.733414497342372,12.48862728113865,29921,0.8856297173301761,0.8151585460170147,0.19588574811306794,43.4043973414526,12.390426661508757,17.850000000000144,21.783260060249845,6.673017696665009,0.04189795966267001,greypos,attack
greypos_i0.05_r5,greypos,0.05,5,8,10.79273379588989,10.455070029782712,18170,0.7845761906818084,0.939537640782454,0.0036702793730299236,6.972374281712632,3.61648146991561,13.939999999999841,4.70734329855738,3.2295685303228585,0.042459291043426904,greypos,attack
greypos_i0.05_r6,greypos,0.05,6,4,10.138554045449546,9.920752189252307,18613,0.8522045693878485,0.9421669106881405,0.0015109198296781284,4.728191364191364,3.3040193140193144,21.20999999999995,2.784625043566543,0.9802807017086389,0.04411195010891447,greypos,attack
greypos_i0.05_r7,greypos,0.05,7,7,11.406567136179724,11.139966608663505,17015,0.8168506961113778,0.9422355588897224,0.009745559289486318,6.77272825179155,4.764339465966526,15.03000000000032,5.5807070496128475,4.479410903441998,0.05050514510340986,greypos,attack
greypos_i0.05_r8,greypos,0.05,8,5,12.118636459429698,11.893857627584044,22656,0.8874265569917744,0.8492779783393501,0.12232667450058754,48.42372072763153,10.350930585233996,21.520000000000206,31.639506343741637,12.947521548408385,0.05845268976232458,greypos,attack
greypos_i0.05_r9,greypos,0.05,9,8,9.878386466312818,9.532692845473836,17849,0.7670061449873232,0.9337175792507204,0.0030080357526535173,7.188658960446645,3.675678526239036,86.08000000000038,5.787676917583928,4.053798121864403,0.04943655657213707,greypos,attack
greypos_i0.05_r10,greypos,0.05,10,7,11.64705298618448,11.393049151233498,27507,0.8702818995792071,0.8485507246376811,0.18818616129338436,30.6745184096433,9.510192027140949,22.600000000000176,17.852600044491467,11.39240600837394,0.06829022855058565,greypos,attack
greypos_i0.1_r1,greypos,0.1,1,4,12.36621564077383,12.141576678214964,21554,0.8715025068736859,0.8886346300533944,0.03893740902474527,16.382452744750065,7.924192577005163,9.199999999999875,7.433588943763273,2.140811780614927,0.059912487377987204,greypos,attack
greypos_i0.1_r2,greypos,0.1,2,5,13.474285798680752,13.245142940917752,26647,0.8985668521328612,0.8661616161616161,0.043331647277019054,24.90979574935564,11.258654303460515,21.02000000000004,15.3225564683401,7.322995552305732,0.048665679134562774,greypos,attack
greypos_i0.1_r3,greypos,0.1,3,5,10.50743236811827,10.26364990262344,17441,0.8385902490624099,0.8766588602654176,0.007500721223194538,8.45765956851951,5.630548618789937,19.480000000000164,4.14559477810815,1.845866571344316,0.0570252222782444,greypos,attack
greypos_i0.1_r4,greypos,0.1,4,6,13.282050559180762,13.040505274400545,29921,0.8872842654646819,0.7664346481051817,0.1638989383785066,27.304191370016987,11.04677873099892,17.850000000000144,16.656108586353827,5.875263924120689,0.04189795966267001,greypos,attack
greypos_i0.1_r5,greypos,0.1,5,8,10.78386317969683,10.451782169753763,18170,0.7875346740638003,0.8879668049792531,0.004160887656033287,7.30141161509114,3.7796312788960953,13.939999999999841,5.872069747201625,4.195992039497469,0.042459291043426904,greypos,attack
greypos_i0.1_r6,greypos,0.1,6,4,10.108820658660264,9.894856802909906,18613,0.8545129005600955,0.8989751098096632,0.0033513910568359197,4.5913428255302104,3.3212697025481566,21.179999999999755,2.7414106794138364,0.9845973609121201,0.04411195010891447,greypos,attack
greypos_i0.1_r7,greypos,0.1,7,7,11.441631329349978,11.178287735774305,17015,0.818658583525789,0.9077269317329333,0.009045419553502694,8.469545454545454,5.173761081893313,15.03000000000032,5.510893066224095,4.133476690825417,0.05050514510340986,greypos,attack
greypos_i0.1_r8,greypos,0.1,8,5,12.765767475707223,12.540435927815366,22656,0.8882964124681435,0.8231046931407943,0.0778670848853166,27.263004072681703,9.58474454887218,21.520000000000206,19.627985080607527,8.777061635773835,0.05845268976232458,greypos,attack
greypos_i0.1_r9,greypos,0.1,9,8,9.843539580602647,9.503069224209955,17849,0.769751595652924,0.8910662824207493,0.005476970846989822,8.392421434393437,3.716113400982584,86.08000000000038,6.662305980658375,4.729776738190654,0.04943655657213707,greypos,attack
greypos_i0.1_r10,greypos,0.1,10,7,12.269615073152211,12.022842109447557,27507,0.872047680943474,0.7862318840579711,0.15093681640934598,37.424284296348816,8.960041530625572,22.600000000000176,16.69541979019922,8.133249313602542,0.06829022855058565,greypos,attack
greypos_i0.2_r1,greypos,0.2,1,4,12.738138871972817,12.520091430635606,21554,0.8759296135246069,0.8024408848207475,0.0119478197260942,14.188744430707503,6.747758724252957,9.199999999999875,6.038594863025538,1.8403675270217665,0.059912487377987204,greypos,attack
greypos_i0.2_r2,greypos,0.2,2,5,13.27976330008784,13.060049474044902,26647,0.9018818114127124,0.7643097643097643,0.056014350504298385,35.925268946757,13.2144997181997,21.02000000000004,19.7734391231038,10.847614638663261,0.048665679134562774,greypos,attack
greypos_i0.2_r3,greypos,0.2,3,5,10.112605211781121,9.881580802287404,17441,0.8441099603136192,0.7681498829039812,0.04229987416513406,11.29540074933882,6.560255191497698,19.480000000000164,8.207009937674806,3.401849949210058,0.0570252222782444,greypos,attack
greypos_i0.2_r4,greypos,0.2,4,6,12.922778326460069,12.676223195287836,29921,0.8882325001484296,0.737045630317092,0.1806982129074393,43.39115102306338,11.177006260440194,17.850000000000144,23.08946850275036,6.82233572466363,0.04189795966267001,greypos,attack
greypos_i0.2_r5,greypos,0.2,5,8,10.629252342289732,10.309401443351328,18170,0.7942127808374858,0.7729697688203913,0.013593845615875514,6.344054369469635,3.713562609323833,18.88999999999985,5.4868114312263945,3.7672015736466147,0.042459291043426904,greypos,attack
greypos_i0.2_r6,greypos,0.2,6,4,10.124970377035693,9.919664420532202,18613,0.8596434509514133,0.8038067349926794,0.0015241086273785332,4.853511423061925,3.4236142226068194,21.179999999999755,2.8214764996143673,1.0089078070778161,0.04411195010891447,greypos,attack
greypos_i0.2_r7,greypos,0.2,7,7,11.374586961400839,11.120722957251477,17015,0.8240507555211158,0.805701425356339,0.011429678419217357,8.162464014293624,4.926914917711007,15.03000000000032,5.114561475321945,3.8216092815337324,0.05050514510340986,greypos,attack
greypos_i0.2_r8,greypos,0.2,8,5,12.106948270227901,11.891415737600152,22656,0.8919685039370079,0.7274368231046932,0.12118110236220472,32.52411920195463,10.647241513981035,21.520000000000206,22.519288659394405,10.781566529851977,0.05845268976232458,greypos,attack
greypos_i0.2_r9,greypos,0.2,9,8,9.866995304062883,9.538889255723824,17849,0.7758748098239513,0.7855907780979827,0.00369484894588133,4.965485583060149,3.301980576677594,86.08000000000038,5.5944145204944995,3.774331188050966,0.04943655657213707,greypos,attack
greypos_i0.2_r10,greypos,0.2,10,7,11.957389668725396,11.714532615494756,27507,0.8744595625635809,0.717391304347826,0.16966556459816887,37.44219041478616,10.025073071136902,22.520000000000095,19.48197482740824,13.2049355332554,0.06829022855058565,greypos,attack
greypos_i0.3_r1,greypos,0.3,1,4,12.591049366918304,12.384392738055652,21554,0.881157761334369,0.6834477498093059,0.02236212746821471,23.014031440337764,8.017945546096346,9.199999999999875,8.744574501400155,2.161497509254384,0.059912487377987204,greypos,attack
greypos_i0.3_r2,greypos,0.3,2,5,13.223898201801271,13.011793871689902,26647,0.9049139131320678,0.6877104377104377,0.05857982137399396,28.307673746317093,13.120656131315902,21.02000000000004,17.087763901606206,10.015259426303526,0.048665679134562774,greypos,attack
greypos_i0.3_r3,greypos,0.3,3,5,10.452636739626344,10.227338405420463,17441,0.8485865810343989,0.6846213895394223,0.011287889845764608,12.554483574528689,6.62187397749244,15.909999999999869,5.414712989577426,2.2398956586347385,0.0570252222782444,greypos,attack
greypos_i0.3_r4,greypos,0.3,4,6,13.283811182444406,13.051682374225392,29921,0.8928177125294662,0.6109822119102861,0.16128069704293857,38.91017391304348,12.747219922949917,17.850000000000144,21.428304726168154,6.893692386777498,0.04189795966267001,greypos,attack
greypos_i0.3_r5,greypos,0.3,5,8,10.49152420691627,10.18392646778403,18170,0.7998767388624758,0.6757557794902194,0.024079943652051416,7.440531673495115,4.059810904506776,18.88999999999985,7.616600615445315,3.6157591162161236,0.042459291043426904,greypos,attack
greypos_i0.3_r6,greypos,0.3,6,4,10.048514910459513,9.85358093888705,18613,0.8656806660155342,0.6932650073206442,0.007813590065578345,5.463241294508665,3.8231761999545215,21.179999999999755,3.164947955705194,1.1126228226789583,0.04411195010891447,greypos,attack
greypos_i0.3_r7,greypos,0.3,7,7,11.419937565768166,11.176306718563499,17015,0.8293527003314486,0.7066766691672918,0.007701306297523884,7.7279737720096415,5.19847306163498,14.660000000000117,5.02433508669425,3.9820919438639977,0.05050514510340986,greypos,attack
greypos_i0.3_r8,greypos,0.3,8,5,12.917588974888343,12.705542122607346,22656,0.8948220703819266,0.6687725631768953,0.0678936766854931,14.362896182764603,7.547239251976094,21.520000000000206,18.34333072316155,9.560537344234712,0.05845268976232458,greypos,attack
greypos_i0.3_r9,greypos,0.3,9,8,9.853358039985645,9.535992283246204,17849,0.7812404254387885,0.6945244956772334,0.0030200901650107234,8.238110189027202,4.286235563623791,86.08000000000038,4.761808058027367,3.2079293494424865,0.04943655657213707,greypos,attack
greypos_i0.3_r10,greypos,0.3,10,7,11.720020494651944,11.490995361789462,27507,0.8792673571154583,0.6159420289855072,0.18539828666410946,30.67314508176715,9.923692457896022,22.520000000000095,19.088080970332634,10.497238861205421,0.06829022855058565,greypos,attack
greypos_i0.4_r1,greypos,0.4,1,4,12.66001449882281,12.461871655109812,21554,0.8859385918040199,0.5865751334858886,0.01726334826749969,19.26409854559776,7.679187341795103,9.199999999999875,7.4981967617361756,2.0709748211758896,0.059912487377987204,greypos,attack
greypos_i0.4_r2,greypos,0.4,2,5,13.586585280895946,13.380397446536493,26647,0.9077190352909116,0.6111111111111112,0.034166780215288184,26.02158980171448,12.316685948044503,21.02000000000004,12.602335314245114,7.904273355227,0.048665679134562774,greypos,attack
greypos_i0.4_r3,greypos,0.4,3,5,10.4251600035901,10.208477732537952,17441,0.8537791266888585,0.5878220140515222,0.012433914235363226,9.819684939487335,5.874019331479115,15.909999999999869,4.416247288400021,1.8759260857058806,0.0570252222782444,greypos,attack
greypos_i0.4_r4,greypos,0.4,4,6,13.076596116990485,12.856411847407372,29921,0.8958383233532934,0.5351894818252126,0.17476047904191616,41.4542930503774,11.909516111827868,17.850000000000144,22.439402101572067,7.103916243285535,0.04189795966267001,greypos,attack
greypos_i0.4_r5,greypos,0.4,5,8,10.545990202284257,10.250639529849018,18170,0.8063728753383925,0.5672791938352104,0.019438157369191852,7.237121161519175,4.271418185360324,18.88999999999985,5.654900490967169,3.7924876866250434,0.042459291043426904,greypos,attack
greypos_i0.4_r6,greypos,0.4,6,4,10.108360470900331,9.922097385614512,18613,0.8714767300309018,0.5885797950219619,0.0013109841745481787,5.5518767699961735,3.7142114154502215,21.179999999999755,2.969519660593308,1.082008411809397,0.04411195010891447,greypos,attack
greypos_i0.4_r7,greypos,0.4,7,7,11.38368559055327,11.15099235471589,17015,0.8353380136481908,0.5963990997749438,0.009769748146693505,6.548705927483519,4.81329071000985,14.660000000000117,7.1837278326211536,4.102199196491604,0.05050514510340986,greypos,attack
greypos_i0.4_r8,greypos,0.4,8,5,12.471550257085028,12.267383404943851,22656,0.8982278079530587,0.5821299638989169,0.09661816595964001,21.800458826970893,8.512488006435571,21.520000000000206,20.612968841499264,10.575831853326271,0.05845268976232458,greypos,attack
greypos_i0.4_r9,greypos,0.4,9,8,9.852772914568359,9.546227795493229,17849,0.786854170340328,0.5988472622478386,0.0018956092399929467,6.917674842973735,3.545503886017569,110.03000000000007,4.23562805623977,3.183305930613114,0.04943655657213707,greypos,attack
greypos_i0.4_r10,greypos,0.4,10,7,11.9308464964067,11.706425752685385,27507,0.8819172811798653,0.527536231884058,0.1719781981404296,31.873434065934067,9.84107264957265,22.520000000000095,20.366793102647257,11.5645819584156,0.06829022855058565,greypos,attack
greypos_i0.5_r1,greypos,0.5,1,4,12.588514735565672,12.398890948339261,21554,0.8906243543655221,0.4927536231884058,0.021610677244741954,15.508263603618797,7.518123453518209,37.52000000000022,7.122689209068255,2.033267150599954,0.059912487377987204,greypos,attack
greypos_i0.5_r2,greypos,0.5,2,5,13.55800649503966,13.364940177392846,26647,0.9122248468042861,0.4983164983164983,0.03553455889904488,28.388873357028697,12.678208028195893,21.02000000000004,15.905300482688968,9.333490581187775,0.048665679134562774,greypos,attack
greypos_i0.5_r3,greypos,0.5,3,5,10.37842990802014,10.169997317149727,17441,0.858739537173806,0.49804839968774395,0.0155096011816839,14.435625848493075,7.722926023745464,15.909999999999869,6.049378146920352,2.4891196242635565,0.0570252222782444,greypos,attack
greypos_i0.5_r4,greypos,0.5,4,6,13.293063924917089,13.08534248460966,29921,0.8997714560654357,0.4253673627223511,0.16373970048715944,30.5400990430622,12.216206766917294,14.310000000000045,20.53222368650525,6.861235001211694,0.04189795966267001,greypos,attack
greypos_i0.5_r5,greypos,0.5,5,8,10.71286100134732,10.425589063402262,18170,0.8114142812486045,0.4854771784232365,0.010896262224802394,7.871829525937409,3.8287854331007862,228.8699999999997,8.025199026117454,4.6124190239380765,0.042459291043426904,greypos,attack
greypos_i0.5_r6,greypos,0.5,6,4,9.993447545354844,9.818766469764206,18613,0.877806074325599,0.47584187408491946,0.011554423693642709,6.18358502777937,3.9561942379288615,21.179999999999755,3.2689554706906963,1.1426549430393902,0.04411195010891447,greypos,attack
greypos_i0.5_r7,greypos,0.5,7,7,11.439530620564481,11.215580238593692,17015,0.8406205227014476,0.5003750937734434,0.004446420631391729,6.81191790451361,4.618133708839504,14.660000000000117,5.255801903549252,3.979982834362801,0.05050514510340986,greypos,attack
greypos_i0.5_r8,greypos,0.5,8,5,12.736987696518929,12.539689358242144,22656,0.9016595693875115,0.5018050541516246,0.0778843475146257,19.343099033378337,8.534023235193358,21.00000000000035,14.867523204765803,8.153488885172065,0.05845268976232458,greypos,attack
greypos_i0.5_r9,greypos,0.5,9,8,9.829481638212059,9.534205023862341,17849,0.792866027007818,0.49971181556195965,0.0025319829424307037,7.326470814915561,3.524056710069271,110.03000000000007,5.212759934558123,3.532597623340225,0.04943655657213707,greypos,attack
greypos_i0.5_r10,greypos,0.5,10,7,11.03343707346084,10.826992154957374,27507,0.8874943537458863,0.3963768115942029,0.22968961734529264,31.9998812087832,11.35066937710978,19.29000000000025,26.743981658907558,12.51608979948136,0.06829022855058565,greypos,attack
greypos_i0.6_r1,greypos,0.6,1,4,12.717991331085118,12.536518633947601,21554,0.8956575940162061,0.3890160183066362,0.010845626428423022,10.355847801476248,7.220743241407417,37.52000000000022,4.838696754405674,1.9557678333511503,0.059912487377987204,greypos,attack
greypos_i0.6_r2,greypos,0.6,2,5,13.443548834155875,13.256257576566204,26647,0.9156100745627599,0.4065656565656566,0.042229323437446314,25.544415122749825,13.918883745458807,21.02000000000004,17.541869854320133,9.854541330106976,0.048665679134562774,greypos,attack
greypos_i0.6_r3,greypos,0.6,3,5,10.452173357470357,10.253753444855976,17441,0.8646571811015815,0.38953942232630756,0.009518615834614049,7.736645663272961,6.136338145163455,79.14999999999984,4.25709213630543,2.0854448696347494,0.0570252222782444,greypos,attack
greypos_i0.6_r4,greypos,0.6,4,6,12.688504044930745,12.485600128314214,29921,0.9022404486928203,0.35266821345707655,0.19841389500346773,34.38549304295221,12.151479943226766,14.310000000000045,24.460628083882693,7.975241565337392,0.04189795966267001,greypos,attack
greypos_i0.6_r5,greypos,0.6,5,8,10.71546829050128,10.437386638749706,18170,0.8174006927886994,0.3882631890930646,0.0071528183903909305,7.92908960852931,4.045818063135755,228.3299999999997,4.26225241913416,2.9243403948821407,0.042459291043426904,greypos,attack
greypos_i0.6_r6,greypos,0.6,6,4,10.012053026273374,9.844400148885319,18613,0.8828858742054834,0.38653001464128844,0.008538089365335358,5.624599723300754,3.566816413397599,21.179999999999755,3.142146189162589,1.0452857963161586,0.04411195010891447,greypos,attack
greypos_i0.6_r7,greypos,0.6,7,7,11.4641905478903,11.249555480801577,17015,0.8460964694181999,0.4021005251312828,0.0016907011437095971,6.584815215682311,4.714271038992397,109.60000000000036,5.117627939398134,4.340248871659749,0.05050514510340986,greypos,attack
greypos_i0.6_r8,greypos,0.6,8,5,12.80359266455819,12.617129878887996,22656,0.9059500959692899,0.3925992779783393,0.07425623800383876,29.267389069616137,8.984579375406636,21.00000000000035,21.51287407018035,10.35466766835955,0.05845268976232458,greypos,attack
greypos_i0.6_r9,greypos,0.6,9,8,9.81479984403185,9.530929872754255,17849,0.798827425707125,0.4028818443804035,0.002953813104189044,5.181561132941301,3.357116857015434,110.03000000000007,4.415627921972107,3.239132896620162,0.04943655657213707,greypos,attack
greypos_i0.6_r10,greypos,0.6,10,7,12.007103435943753,11.803262521848051,27507,0.8906841951882913,0.33260869565217394,0.16695269241977787,28.266254371631693,11.628633524681803,19.29000000000025,14.086898197457462,8.652878954526132,0.06829022855058565,greypos,attack
greypos_i0.7_r1,greypos,0.7,1,4,12.786916186385286,12.613049677409515,21554,0.8999958244603115,0.3005339435545385,0.00559522318259635,15.90888753403898,8.719183220292102,37.52000000000022,6.228533718492011,2.3291214537569904,0.059912487377987204,greypos,attack
greypos_i0.7_r2,greypos,0.7,2,5,13.44534424932271,13.271158017599307,26647,0.9197501035482535,0.29292929292929293,0.04159188181692669,31.084117823594728,15.08691921010774,21.02000000000004,16.154171773965345,9.176347223186763,0.048665679134562774,greypos,attack
greypos_i0.7_r3,greypos,0.7,3,5,10.36885630885508,10.180733742408686,17441,0.870309381237525,0.2849336455893833,0.014620758483033932,8.927720556628964,6.1840085274515335,79.14999999999984,4.655829307284125,2.143727650642367,0.0570252222782444,greypos,attack
greypos_i0.7_r4,greypos,0.7,4,6,12.901636833345083,12.702594174771164,29921,0.9051335571890976,0.279969064191802,0.18459025319901987,37.80421120381855,14.72536663284098,14.310000000000045,22.425049088254553,7.442301069312744,0.04189795966267001,greypos,attack
greypos_i0.7_r5,greypos,0.7,5,8,10.692119813580705,10.424770719275562,18170,0.8235134155184917,0.29045643153526973,0.008248730964467006,7.296690546841882,4.03394572760855,228.26999999999975,7.23730287892606,4.2896528850044815,0.042459291043426904,greypos,attack
greypos_i0.7_r6,greypos,0.7,6,4,10.072215444966636,9.913046885906796,18613,0.8886183519526402,0.2869692532942899,0.0023393488016805117,4.464214555030224,3.667539507151835,20.369999999999777,2.612425070406807,1.0672080481765185,0.04411195010891447,greypos,attack
greypos_i0.7_r7,greypos,0.7,7,7,11.458288227438992,11.253618442058404,17015,0.8515589810319804,0.30532633158289574,0.0022020919873880188,6.064816843645801,4.466295697388722,109.60000000000036,10.074957629411928,5.8241087076012885,0.05050514510340986,greypos,attack
greypos_i0.7_r8,greypos,0.7,8,5,12.434568546581469,12.25536679716344,22656,0.9097699072400915,0.2996389891696751,0.09729751435570011,35.0539736558173,13.353062398849127,42.3300000000002,19.627663842143157,9.700943053394898,0.05845268976232458,greypos,attack
greypos_i0.7_r9,greypos,0.7,9,8,9.823593037557012,9.551414406164145,17849,0.8050243550423958,0.3048991354466859,0.0027963196824824102,5.333595004206869,3.2287061748090515,110.03000000000007,6.108568587315769,4.041742076521261,0.04943655657213707,greypos,attack
greypos_i0.7_r10,greypos,0.7,10,7,11.703815240716567,11.503097789906933,27507,0.8932584269662921,0.27246376811594203,0.18428914723647463,27.824824753789784,11.393787687808814,19.29000000000025,17.64301344313926,10.12204407186651,0.06829022855058565,greypos,attack
greypos_i0.8_r1,greypos,0.8,1,4,12.808615661213876,12.642765831972973,21554,0.9046040206488437,0.20747520976353928,0.003945104293448609,6.439016856589497,5.259460408972165,37.52000000000022,3.725223582887183,1.4639135532097312,0.059912487377987204,greypos,attack
greypos_i0.8_r2,greypos,0.8,2,5,13.221094670650539,13.056436360568371,26647,0.9236715310756005,0.19276094276094277,0.05594647994731187,30.565002273187467,16.673495512842553,17.440000000000122,24.717791360282177,14.081792794473156,0.048665679134562774,greypos,attack
greypos_i0.8_r3,greypos,0.8,3,5,10.503573191975347,10.324522660852487,17441,0.8764762048344138,0.17720530835284934,0.003015226895823911,8.16925012198456,5.5909607157811685,79.14999999999984,4.071803450803928,1.8653725217230606,0.0570252222782444,greypos,attack
greypos_i0.8_r4,greypos,0.8,4,6,13.089735898372517,12.906926356898534,29921,0.9089003645200486,0.16163959783449341,0.17624544349939247,38.76524473533206,14.105775883269121,35.019999999999825,24.189944940375764,7.915501523834295,0.04189795966267001,greypos,attack
greypos_i0.8_r5,greypos,0.8,5,8,10.597324755292947,10.341512592008582,18170,0.8295667260192667,0.1944279786603438,0.015568643564808474,6.224717294900221,3.7366024915392693,229.31999999999996,7.045830250560043,3.898485910234134,0.042459291043426904,greypos,attack
greypos_i0.8_r6,greypos,0.8,6,4,10.078629059166595,9.927144144497118,18613,0.8936956834877803,0.19985358711566617,0.000864262735871705,5.149120879120879,3.942051282051282,20.369999999999777,2.837359107713109,1.1343902672755652,0.04411195010891447,greypos,attack
greypos_i0.8_r7,greypos,0.8,7,7,11.373400924099485,11.17881740481835,17015,0.8572652156388553,0.20555138784696175,0.007758968158000806,7.641304699214052,4.609409107885299,109.60000000000036,7.051022162073559,3.960462407273087,0.05050514510340986,greypos,attack
greypos_i0.8_r8,greypos,0.8,8,5,12.919533302856149,12.749044838894688,22656,0.9139906406325642,0.1967509025270758,0.06535420364692593,16.923599960888012,9.217094634005322,42.3300000000002,19.712558593187943,10.965180538078107,0.05845268976232458,greypos,attack
greypos_i0.8_r9,greypos,0.8,9,8,9.771639409431277,9.51175902078506,17849,0.8115764106761242,0.20230547550432276,0.005365343518392215,5.132368092488603,3.4748858715208657,110.03000000000007,4.009356042236224,2.8930614214943184,0.04943655657213707,greypos,attack
greypos_i0.8_r10,greypos,0.8,10,7,12.091342588842434,11.90201548593355,27507,0.8976015663240333,0.1644927536231884,0.16191874694077338,33.9719951414366,10.927943092482682,42.60000000000019,15.564262762601507,8.15782398584217,0.06829022855058565,greypos,attack
greypos_i0.9_r1,greypos,0.9,1,4,12.40789527418227,12.251378072841385,21554,0.9096817759770406,0.10602593440122045,0.032708702625137163,19.10422677147857,8.206184744868198,37.52000000000022,7.615688815976158,2.2068804011725676,0.059912487377987204,greypos,attack
greypos_i0.9_r2,greypos,0.9,2,5,13.267307268129432,13.114321699381051,26647,0.9276588337684943,0.09006734006734007,0.0538207136640557,27.987477019702172,16.145569266618228,225.69000000000017,12.034611794589145,7.798579091660216,0.048665679134562774,greypos,attack
greypos_i0.9_r3,greypos,0.9,3,5,10.435315680265676,10.264278713273178,17441,0.8814818558576771,0.08899297423887588,0.007429495602951582,8.07580304716372,6.451350568080342,79.14999999999984,3.976175224288645,2.008782388734441,0.0570252222782444,greypos,attack
greypos_i0.9_r4,greypos,0.9,4,6,12.831691045272983,12.653456912782557,29921,0.9119197829996037,0.0897138437741686,0.19039346560604675,33.85323361838671,12.137395622869775,35.019999999999825,23.351365400990776,7.715461992400823,0.04189795966267001,greypos,attack
greypos_i0.9_r5,greypos,0.9,5,8,10.523347962105152,10.283090766276118,18170,0.8361711919005983,0.0912863070539419,0.02291762540266912,6.676695097344167,4.273116513061024,229.31999999999996,5.954312797997878,3.3685811957151013,0.042459291043426904,greypos,attack
greypos_i0.9_r6,greypos,0.9,6,4,10.073473387890099,9.931198311182294,18613,0.8998307952622674,0.095900439238653,0.0005317863185883491,4.535684005230628,2.9260276507996825,144.76999999999984,2.578421807672564,0.8795461020344009,0.04411195010891447,greypos,attack
greypos_i0.9_r7,greypos,0.9,7,7,11.346476993160381,11.160782136703958,17015,0.8621301175516822,0.12153038259564891,0.01449128496149169,5.810078574812586,4.441874285873533,204.64000000000038,7.502747622128072,4.425696919944181,0.05050514510340986,greypos,attack
greypos_i0.9_r8,greypos,0.9,8,5,13.13340539579168,12.97340801334394,22656,0.9187720507725374,0.0812274368231047,0.04983981507765927,14.694405204460967,8.514583643122677,42.3300000000002,18.472644368065144,10.243943658467032,0.05845268976232458,greypos,attack
greypos_i0.9_r9,greypos,0.9,9,8,9.801669578749648,9.552621040330987,17849,0.817748659916617,0.10662824207492795,0.0016493333944197553,4.040940228089361,3.3649945633494767,160.79,2.8390948544233154,2.131861689322197,0.04943655657213707,greypos,attack
greypos_i0.9_r10,greypos,0.9,10,7,12.033689229367274,11.853019868292574,27507,0.9009826400262038,0.07681159420289856,0.16645922043891254,36.43999248791202,14.041664640563749,102.94000000000025,16.05124666070422,8.359788712643425,0.06829022855058565,greypos,attack
volmatch_ddos_i2.0_r11,volmatch_ddos,2.0,11,6,11.022300032090708,9.254649351391778,16039,0.6562065297438835,0.9185692541856926,0.09635054414532362,16.45890637945319,6.381814415907208,4.819999999999602,14.901241170332296,4.902843954299545,0.059388570960355005,volmatch_ddos,attack
volmatch_ddos_i2.0_r12,volmatch_ddos,2.0,12,9,10.894097761484586,9.236323852543922,21668,0.712130673415059,0.8042035398230089,0.27321129260196536,31.70178817056396,10.991265474552955,10.629999999999917,31.289253205825908,12.923934108625886,0.05141889575864726,volmatch_ddos,attack
volmatch_ddos_i2.0_r13,volmatch_ddos,2.0,13,9,10.146220973064905,9.080379664953634,16918,0.6408090602628689,0.9746835443037974,0.12707851975303966,11.45544889892716,4.0891473743647655,5.630000000000024,35.428019455735665,14.77526311867441,0.04761625667518513,volmatch_ddos,attack
volmatch_ddos_i2.0_r14,volmatch_ddos,2.0,14,9,11.37539737684945,9.545958719283647,15781,0.6393728222996515,0.9492697924673328,0.05080625557086136,8.735222672064777,4.470607287449393,12.329999999999952,11.672455307876008,5.6242547394551154,0.04520350653364813,volmatch_ddos,attack
volmatch_ddos_i2.0_r15,volmatch_ddos,2.0,15,5,12.292920477958075,10.555709331292638,22223,0.7284796433488494,0.9157427937915743,0.10922441486920606,12.678389830508474,5.807251815980629,4.529999999999923,13.538176672710236,3.8755942262043517,0.05770714723763443,volmatch_ddos,attack
volmatch_ddos_i2.0_r16,volmatch_ddos,2.0,16,9,10.367895830449106,8.743999582093686,22754,0.7049820299913249,0.8191489361702128,0.3263415540959227,36.99083694083694,7.988961038961039,9.919999999999707,35.7355193400087,13.790531341405277,0.04682887176476853,volmatch_ddos,attack
volmatch_ddos_i2.0_r17,volmatch_ddos,2.0,17,9,9.436746785555124,7.712648516401218,24812,0.7289714134618209,0.8008631319358817,0.3575520756823457,46.62517321016166,7.2330177059276375,2.0500000000001073,37.64981888796339,14.88065206521914,0.04630671626754991,volmatch_ddos,attack
volmatch_ddos_i2.0_r18,volmatch_ddos,2.0,18,7,11.098323594846184,9.358873775251313,16482,0.6634731503099589,0.8703843255463452,0.12168907495370743,35.341731601731595,9.177748917748918,11.039999999999939,23.483354757998733,10.400027333474943,0.05984013384029674,volmatch_ddos,attack
volmatch_ddos_i2.0_r19,volmatch_ddos,2.0,19,6,10.7423129277331,8.910040405854359,14270,0.629660680404183,0.9427344309234073,0.06164232449366809,12.876157934700075,5.518944570994685,7.440000000000335,17.376693781322086,5.4667781452590924,0.04887269665793021,volmatch_ddos,attack
volmatch_ddos_i2.0_r20,volmatch_ddos,2.0,20,6,9.67583503394097,8.020954379363989,21181,0.7288963832203448,0.7901716068642746,0.3184555559379194,35.297828232971376,8.188183613030603,12.350000000000083,45.458364020651466,12.667908877450408,0.05536667715870412,volmatch_ddos,attack
volmatch_ddos_i4.0_r11,volmatch_ddos,4.0,11,7,9.342044173170105,8.097269758482739,22513,0.7424397322164693,0.7833450952717008,0.3101606041618573,18.920270270270272,8.097027027027028,3.0799999999997496,21.86809423503198,6.642989329349096,0.054189485106951915,volmatch_ddos,attack
volmatch_ddos_i4.0_r12,volmatch_ddos,4.0,12,8,9.04858022810004,7.537984909172193,21460,0.7097969173777866,0.608324439701174,0.42286829397367204,39.51964912280702,8.54469298245614,2010.18,40.57691559074897,11.762402522742082,0.06042166913838831,volmatch_ddos,attack
volmatch_ddos_i4.0_r13,volmatch_ddos,4.0,13,7,10.187267417224149,8.523642919518858,19707,0.7099574897326897,0.845821325648415,0.18034440521651415,15.96243611584327,7.423219761499149,3.710000000000324,19.946044789872676,7.203101618743305,0.05849149453548465,volmatch_ddos,attack
volmatch_ddos_i4.0_r14,volmatch_ddos,4.0,14,11,7.791395972108648,6.217670837343599,17305,0.6490267411769118,0.654835390946502,0.3482353823650752,31.835820895522385,8.410133542812254,1009.9899999999997,22.74033064902914,10.399933806710475,0.045185559735287754,volmatch_ddos,attack
volmatch_ddos_i4.0_r15,volmatch_ddos,4.0,15,8,8.684786793178679,7.090450283948349,21745,0.7252684944299913,0.8033088235294118,0.37665932893069176,23.38893974065599,8.778718535469109,11.989999999999945,24.083054959985816,9.60042135279772,0.0456817552188863,volmatch_ddos,attack
volmatch_ddos_i4.0_r16,volmatch_ddos,4.0,16,7,10.644989265432637,9.141806223050269,25102,0.7712775763534689,0.6172945205479452,0.35048853929822404,26.002080443828017,11.911803051317614,1047.4199999999998,26.329275827677304,8.439966252554207,0.03917143487699078,volmatch_ddos,attack
volmatch_ddos_i4.0_r17,volmatch_ddos,4.0,17,11,8.737261136878718,6.99867494854986,21262,0.6953592569578442,0.8175919250180245,0.33381299669686365,13.143121693121692,7.104444444444445,16.07000000000003,20.421304036074275,10.914805400017231,0.06723940125733013,volmatch_ddos,attack
volmatch_ddos_i4.0_r18,volmatch_ddos,4.0,18,8,10.042729022698415,8.362313765713331,15660,0.6625766871165644,0.8353413654618473,0.17347154643537127,26.12480769230769,10.322211538461538,14.530000000000154,20.774778121429183,8.704774789295092,0.051898472307750756,volmatch_ddos,attack
volmatch_ddos_i4.0_r19,volmatch_ddos,4.0,19,7,10.261610876812972,8.728912738342972,20126,0.7252612612612612,0.7016840417000801,0.32025225225225223,28.906399999999998,9.677165714285715,13.349999999999973,26.296602149551802,7.718307875863379,0.04881159152538047,volmatch_ddos,attack
volmatch_ddos_i4.0_r20,volmatch_ddos,4.0,20,8,8.042255514520647,6.470156970247039,29571,0.7654931400465959,0.6336104513064132,0.4499611700750712,23.079850046860358,8.30058106841612,1647.7499999999998,36.19676935544969,10.28927491578042,0.06164305280582806,volmatch_ddos,attack
volmatch_ddos_i8.0_r11,volmatch_ddos,8.0,11,12,5.237546129900618,3.955351507758073,17985,0.6939728353140917,0.6207165109034268,0.5599629572464887,32.83224592220829,14.399372647427855,24.6900000000001,32.8934400258194,17.666245020714985,0.05546036590274436,volmatch_ddos,attack
volmatch_ddos_i8.0_r12,volmatch_ddos,8.0,12,14,5.9342710520429325,4.4960789289037075,15803,0.6440215176460999,0.5918918918918918,0.4633629472654658,32.40045662100456,12.713348554033486,7.649999999999935,36.29547627412602,19.621272446037526,0.05528949511676785,volmatch_ddos,attack
volmatch_ddos_i8.0_r13,volmatch_ddos,8.0,13,11,5.484811881296001,4.225445877967323,19682,0.717091121069698,0.6341072858286629,0.5031879622545269,24.274494949494947,10.726641414141413,8.73999999999997,26.495637943958275,12.991489897344772,0.04644421320838396,volmatch_ddos,attack
volmatch_ddos_i8.0_r14,volmatch_ddos,8.0,14,11,5.18714739621543,3.7772026911204546,22701,0.7435880638081824,0.6924137931034483,0.5885223885485932,28.299999999999997,10.377589641434263,3.6299999999998,30.90440272566104,13.030317153534627,0.04993339768339769,volmatch_ddos,attack
volmatch_ddos_i8.0_r15,volmatch_ddos,8.0,15,12,0.6273319527162764,0.0799043471547243,28133,0.7797178570438735,0.3297952994692949,0.8764446661677892,231.43908045977014,39.43218390804597,14.269999999999783,251.78524383872332,63.067067605222746,0.05599184121754138,volmatch_ddos,attack
volmatch_ddos_i8.0_r16,volmatch_ddos,8.0,16,12,4.5561215236453,3.2323561969382903,19260,0.7061929380706193,0.5846645367412141,0.608330583360833,32.4031693989071,11.612459016393444,6.920000000000037,43.00857885904666,19.59519254601248,0.04284375549689478,volmatch_ddos,attack
volmatch_ddos_i8.0_r17,volmatch_ddos,8.0,17,14,6.224043560939924,4.780338545990143,21650,0.7177430049065111,0.6411522633744856,0.5574857445962074,25.56944801026958,11.583080872913992,5.58000000000014,41.89987440443866,20.88128670566891,0.04306743356843557,volmatch_ddos,attack
volmatch_ddos_i8.0_r18,volmatch_ddos,8.0,18,12,7.193066533552535,5.821056888015981,21214,0.7269798841712073,0.7128325508607198,0.41266577567595353,20.545334796926454,9.140647639956093,24.490000000000123,30.703784040193224,15.794717895635808,0.05996251438154968,volmatch_ddos,attack
volmatch_ddos_i8.0_r19,volmatch_ddos,8.0,19,15,6.231277686179698,4.734835095824326,16211,0.6436256799142415,0.5923734385272846,0.42930877039742726,31.446947835738072,10.605482796892343,21.34999999999998,54.23326395432004,26.420437720145433,0.048615783971408644,volmatch_ddos,attack
volmatch_ddos_i8.0_r20,volmatch_ddos,8.0,20,12,6.433144923700024,5.165134254615788,22697,0.7401115205269508,0.5843283582089552,0.48680992597906547,26.288633461047255,12.464150702426565,22.629999999999928,34.412480316342666,16.97702200097621,0.051402310185410006,volmatch_ddos,attack
volmatch_dos_i1.0_r11,volmatch_dos,1.0,11,8,10.26564445842186,8.555409304068483,18535,0.6825630638924691,0.8412189254210104,0.22378935739274536,24.056053384175403,8.68146806482364,5.550000000000388,18.59598842749064,8.459173443278411,0.040981753031014624,volmatch_dos,attack
volmatch_dos_i1.0_r12,volmatch_dos,1.0,12,8,10.652840578529169,8.951629576503603,24290,0.7226800749754545,0.7390817469204927,0.2773496771890155,33.719469696969696,7.571840909090909,1003.3699999999999,33.86529504662982,13.991296292464929,0.046786709754157677,volmatch_dos,attack
volmatch_dos_i1.0_r13,volmatch_dos,1.0,13,8,11.449535481812877,9.787211990578832,22188,0.7212326095436224,0.813543599257885,0.22737615394617086,43.573660205245154,10.717673888255415,11.219999999999786,37.82697589625468,13.693724909254824,0.050171423235577293,volmatch_dos,attack
volmatch_dos_i1.0_r14,volmatch_dos,1.0,14,6,10.838984070723235,9.145123690347141,20709,0.7075162282200205,0.8527418361059765,0.2083361803894773,25.936488439306356,7.410765895953758,4.2200000000001125,29.06427512303974,12.006983216891198,0.0579617619403525,volmatch_dos,attack
volmatch_dos_i1.0_r15,volmatch_dos,1.0,15,4,11.463201647727523,9.957865644627924,22883,0.7500901432458125,0.8107173725151253,0.30753597534991967,28.82686567164179,8.93226012793177,2.4700000000001943,26.334260327011663,3.3809576336218816,0.04567336792177127,volmatch_dos,attack
volmatch_dos_i1.0_r16,volmatch_dos,1.0,16,5,12.756279005892143,10.996944091516665,19182,0.7125027858257188,0.099370188943317,0.1423742663992274,11.072253521126761,5.472267605633803,7.589999999999986,12.922632365032076,4.663914917033539,0.04191481117171898,volmatch_dos,attack
volmatch_dos_i1.0_r17,volmatch_dos,1.0,17,6,13.142815978492305,11.346961668462459,19853,0.6990492957746479,0.9488795518207283,0.0653169014084507,12.017343173431733,5.839926199261993,3.489999999999771,13.519984505186649,7.03798659786039,0.058157386539779095,volmatch_dos,attack
volmatch_dos_i1.0_r18,volmatch_dos,1.0,18,5,11.687427796877055,10.006867576311393,24402,0.7485735321185348,0.8511548331907614,0.20927664273881832,31.491457286432162,10.469447236180905,9.669999999999845,30.367618552361915,6.386478491081132,0.04617242187091624,volmatch_dos,attack
volmatch_dos_i1.0_r19,volmatch_dos,1.0,19,5,12.366352558812164,10.648702273126114,23403,0.7478191404377696,0.8969873663751214,0.12168077967726473,12.330227518959914,6.399794149512459,16.23999999999981,14.150904064519972,4.363602062869029,0.05254708535069917,volmatch_dos,attack
volmatch_dos_i1.0_r20,volmatch_dos,1.0,20,7,12.58889264965032,10.954993274122367,24816,0.7387693132088953,0.8237769594950026,0.24345806912565865,39.61174968071519,8.034099616858237,82.8199999999999,36.91225176594889,15.912752593480946,0.047608484563884945,volmatch_dos,attack
