run_id,scenario,intensity,run,n_flows,total_throughput_mbps,max_flow_throughput_mbps,max_flow_txpackets,flow_concentration,delivery_ratio,overall_loss_ratio,control_owd_ms,control_pdv_ms,mean_owd_ms,mean_pdv_ms,telemetry_throughput_mbps,label_class,label_binary
normal_i0.0_r1,normal,0.0,1,2,0.861890108227501,0.5589474800061249,2197,0.5235938989513823,1.0,0.0,0.34791306326809285,0.043497360036413295,1.555289698217338,0.021748680018206647,0.30294262822137613,normal,normal
normal_i0.0_r2,normal,0.0,2,2,0.8617801850558171,0.5588375568344409,2197,0.5235938989513823,1.0,0.0,0.33812243969048705,0.03441834319526627,1.5503943864285352,0.017209171597633136,0.30294262822137613,normal,normal
normal_i0.0_r3,normal,0.0,3,2,0.8616870803909686,0.5587444521695925,2197,0.5235938989513823,1.0,0.0,0.33264269458352297,0.031473236231224395,1.5476545138750533,0.015736618115612198,0.30294262822137613,normal,normal
normal_i0.0_r4,normal,0.0,4,2,0.8618255971723223,0.5588829689509462,2197,0.5235938989513823,1.0,0.0,0.3451779699590351,0.045336595357305415,1.5539221515628092,0.022668297678652707,0.30294262822137613,normal,normal
normal_i0.0_r5,normal,0.0,5,2,0.861787424174111,0.5588447959527348,2197,0.5235938989513823,1.0,0.0,0.343016385980883,0.042887847064178426,1.5528413595737334,0.021443923532089213,0.30294262822137613,normal,normal
normal_i0.0_r6,normal,0.0,6,2,0.861542056852669,0.558599428631293,2197,0.5235938989513823,1.0,0.0,0.33833318161128817,0.04483418297678653,1.5504997573889359,0.022417091488393263,0.30294262822137613,normal,normal
normal_i0.0_r7,normal,0.0,7,2,0.8618374450252484,0.5588948168038723,2197,0.5235938989513823,1.0,0.0,0.33950842057350933,0.03459918070095584,1.5510873768700464,0.01729959035047792,0.30294262822137613,normal,normal
normal_i0.0_r8,normal,0.0,8,2,0.8617617590555093,0.5588191308341331,2197,0.5235938989513823,1.0,0.0,0.342279016841147,0.0429659080564406,1.5524726750038653,0.0214829540282203,0.30294262822137613,normal,normal
normal_i0.0_r9,normal,0.0,9,2,0.8615072098087735,0.5585645815873973,2197,0.5235938989513823,1.0,0.0,0.3321406463359126,0.03027592171142467,1.547403489751248,0.015137960855712335,0.30294262822137613,normal,normal
normal_i0.0_r10,normal,0.0,10,2,0.8617851207979466,0.5588424925765704,2197,0.5235938989513823,1.0,0.0,0.3406090122894857,0.04085393718707329,1.5516376727280345,0.020426968593536644,0.30294262822137613,normal,normal
normal_i0.0_r11,normal,0.0,11,2,0.8614529754190383,0.5585103471976622,2197,0.5235938989513823,1.0,0.0,0.32985844333181613,0.03287624032771962,1.5462623882492,0.01643812016385981,0.30294262822137613,normal,normal
normal_i0.0_r12,normal,0.0,12,2,0.861704843550271,0.5587622153288948,2197,0.5235938989513823,1.0,0.0,0.33665680473372783,0.03889863450159308,1.5496615689501556,0.01944931725079654,0.30294262822137613,normal,normal
normal_i0.0_r13,normal,0.0,13,2,0.8617824883912943,0.5588398601699183,2197,0.5235938989513823,1.0,0.0,0.34946882111970873,0.05225853436504324,1.556067577143146,0.02612926718252162,0.30294262822137613,normal,normal
normal_i0.0_r14,normal,0.0,14,2,0.8615308790253255,0.5585882508039495,2197,0.5235938989513823,1.0,0.0,0.3318975876194811,0.03122567137005007,1.5472819603930323,0.015612835685025035,0.30294262822137613,normal,normal
normal_i0.0_r15,normal,0.0,15,2,0.8618015739014107,0.5588589456800345,2197,0.5235938989513823,1.0,0.0,0.3491470186618115,0.055172507965407375,1.5559066759141975,0.027586253982703687,0.30294262822137613,normal,normal
normal_i0.0_r16,normal,0.0,16,2,0.861495704664142,0.5585530764427659,2197,0.5235938989513823,1.0,0.0,0.3332098315885298,0.038054802002730995,1.5479380823775566,0.019027401001365497,0.30294262822137613,normal,normal
normal_i0.0_r17,normal,0.0,17,2,0.8618173697922134,0.5588747415708372,2197,0.5235938989513823,1.0,0.0,0.3453381884387802,0.044918388711879836,1.5540022608026818,0.022459194355939918,0.30294262822137613,normal,normal
normal_i0.0_r18,normal,0.0,18,2,0.861668660529745,0.5587260323083689,2197,0.5235938989513823,1.0,0.0,0.34057988165680475,0.04662949476558944,1.5516231074116942,0.02331474738279472,0.30294262822137613,normal,normal
normal_i0.0_r19,normal,0.0,19,2,0.8614740105380565,0.5585313823166804,2197,0.5235938989513823,1.0,0.0,0.32899954483386434,0.0302664087391898,1.545832939000224,0.0151332043695949,0.30294262822137613,normal,normal
normal_i0.0_r20,normal,0.0,20,2,0.8614625067610273,0.5585198785396511,2197,0.5235938989513823,1.0,0.0,0.3379412835685025,0.046560309512972235,1.5503038083675431,0.023280154756486118,0.30294262822137613,normal,normal
normal_i0.0_r21,normal,0.0,21,2,0.8617110938193755,0.5587684655979994,2197,0.5235938989513823,1.0,0.0,0.34412016385980887,0.04949977241693218,1.5533932485131963,0.02474988620846609,0.30294262822137613,normal,normal
normal_i0.0_r22,normal,0.0,22,2,0.861713067617617,0.5587704393962408,2197,0.5235938989513823,1.0,0.0,0.33868138370505235,0.03972612653618571,1.550673858435818,0.019863063268092854,0.30294262822137613,normal,normal
normal_i0.0_r23,normal,0.0,23,2,0.8616874093280995,0.5587447811067233,2197,0.5235938989513823,1.0,0.0,0.3303213472917615,0.02708111060537096,1.5464938402291726,0.01354055530268548,0.30294262822137613,normal,normal
normal_i0.0_r24,normal,0.0,24,2,0.8618555468816631,0.558912918660287,2197,0.5235938989513823,1.0,0.0,0.35096540737369136,0.05182111970869367,1.5568158702701373,0.025910559854346836,0.30294262822137613,normal,normal
normal_i0.0_r25,normal,0.0,25,2,0.8615308790253255,0.5585882508039495,2197,0.5235938989513823,1.0,0.0,0.34219025944469733,0.05403186162949476,1.5524282963056404,0.02701593081474738,0.30294262822137613,normal,normal
normal_i0.0_r26,normal,0.0,26,2,0.8617505724338435,0.5588079442124674,2197,0.5235938989513823,1.0,0.0,0.34338416021847973,0.04649476558944015,1.5530252466925316,0.023247382794720075,0.30294262822137613,normal,normal
normal_i0.0_r27,normal,0.0,27,2,0.8615328515505858,0.5585902233292097,2197,0.5235938989513823,1.0,0.0,0.3413395539371871,0.05268138370505234,1.5520029435518854,0.02634069185252617,0.30294262822137613,normal,normal
normal_i0.0_r28,normal,0.0,28,2,0.8617657073818557,0.5588230791604795,2197,0.5235938989513823,1.0,0.0,0.3452435138825671,0.05052617205279927,1.5539549235245753,0.025263086026399637,0.30294262822137613,normal,normal
normal_i0.0_r29,normal,0.0,29,2,0.861712738650275,0.5587701104288989,2197,0.5235938989513823,1.0,0.0,0.34181975421028676,0.047441511151570324,1.5522430436884351,0.023720755575785162,0.30294262822137613,normal,normal
normal_i0.0_r30,normal,0.0,30,2,0.8617706428682492,0.558828014646873,2197,0.5235938989513823,1.0,0.0,0.34123122439690484,0.03814314974965863,1.551948778781744,0.019071574874829314,0.30294262822137613,normal,normal
normal_i0.0_r31,normal,0.0,31,2,0.8616906987207091,0.5587480704993331,2197,0.5235938989513823,1.0,0.0,0.3401192535275376,0.04529849795175239,1.5513927933470606,0.022649248975876196,0.30294262822137613,normal,normal
normal_i0.0_r32,normal,0.0,32,2,0.86152397529662,0.5585813470752438,2197,0.5235938989513823,1.0,0.0,0.33577105143377334,0.04445662266727355,1.5492186923001785,0.022228311333636775,0.30294262822137613,normal,normal
normal_i0.0_r33,normal,0.0,33,2,0.8615289065139962,0.5585862782926201,2197,0.5235938989513823,1.0,0.0,0.3322917614929449,0.034840691852526175,1.5474790473297642,0.017420345926263087,0.30294262822137613,normal,normal
normal_i0.0_r34,normal,0.0,34,2,0.8617703138331108,0.5588276856117346,2197,0.5235938989513823,1.0,0.0,0.33978789258079195,0.04076822940373236,1.5512271128736876,0.02038411470186618,0.30294262822137613,normal,normal
normal_i0.0_r35,normal,0.0,35,2,0.8616726075406245,0.5587299793192484,2197,0.5235938989513823,1.0,0.0,0.3441670459717797,0.05131543013199818,1.5534166895691817,0.02565771506599909,0.30294262822137613,normal,normal
normal_i0.0_r36,normal,0.0,36,2,0.861850609895443,0.558907981674067,2197,0.5235938989513823,1.0,0.0,0.3506449704142012,0.04497760582612654,1.5566556517903924,0.02248880291306327,0.30294262822137613,normal,normal
normal_i0.0_r37,normal,0.0,37,2,0.8617660364115696,0.5588234081901935,2197,0.5235938989513823,1.0,0.0,0.33846973145197995,0.03908789258079198,1.5505680323092816,0.01954394629039599,0.30294262822137613,normal,normal
normal_i0.0_r38,normal,0.0,38,2,0.8615298927679196,0.5585872645465435,2197,0.5235938989513823,1.0,0.0,0.338044151115157,0.047440600819299045,1.5503552421408702,0.023720300409649522,0.30294262822137613,normal,normal
normal_i0.0_r39,normal,0.0,39,2,0.8617900566272634,0.5588474284058872,2197,0.5235938989513823,1.0,0.0,0.346642694583523,0.04683067819754211,1.5546545138750532,0.023415339098771054,0.30294262822137613,normal,normal
normal_i0.0_r40,normal,0.0,40,2,0.8614707236962644,0.5585280954748882,2197,0.5235938989513823,1.0,0.0,0.3325848884842968,0.03803268092853891,1.54762561082544,0.019016340464269456,0.30294262822137613,normal,normal
dos_i10.0_r1,dos,10.0,1,3,0.9463590011217605,0.5589359590825975,2197,0.4897458760588497,1.0,0.0,0.35096722803823394,0.05368730086481566,1.2361307272981576,0.0893291002882719,0.30294262822137613,dos,attack
dos_i10.0_r2,dos,10.0,2,3,0.9462458701910825,0.5588365696964772,2197,0.4897458760588497,1.0,0.0,0.3421939007737825,0.04277942649066909,1.2244143308536852,0.06723980883022303,0.30294262822137613,dos,attack
dos_i10.0_r3,dos,10.0,3,3,0.9461613466092941,0.5587401760221352,2197,0.4897458760588497,1.0,0.0,0.33856349567592176,0.04271160673645881,1.2344030463957776,0.08621306431445179,0.30294262822137613,dos,attack
dos_i10.0_r4,dos,10.0,4,3,0.9462858612163673,0.5588737543015021,2197,0.4897458760588497,1.0,0.0,0.347967228038234,0.05254893035958125,1.239587049137238,0.09061044805089491,0.30294262822137613,dos,attack
dos_i10.0_r5,dos,10.0,5,3,0.9462609454462334,0.5588464412330488,2197,0.4897458760588497,1.0,0.0,0.3462212107419208,0.05155666818388712,1.2421671123373175,0.10188371698083593,0.30294262822137613,dos,attack
dos_i10.0_r6,dos,10.0,6,3,0.9459977966550178,0.5585793746126716,2197,0.4897458760588497,1.0,0.0,0.3397669549385526,0.05302639963586709,1.2436271879890684,0.11106236309701317,0.30294262822137613,dos,attack
dos_i10.0_r7,dos,10.0,7,3,0.9463052772821069,0.5588918547935477,2197,0.4897458760588497,1.0,0.0,0.34538188438780154,0.046327264451524804,1.2372333138974387,0.08408770884016344,0.30294262822137613,dos,attack
dos_i10.0_r8,dos,10.0,8,3,0.9462184220518253,0.5588095892757998,2197,0.4897458760588497,1.0,0.0,0.3466349567592171,0.054162494310423304,1.225559050664922,0.07499715327588823,0.30294262822137613,dos,attack
dos_i10.0_r9,dos,10.0,9,3,0.9459734557016205,0.5585557061483242,2197,0.4897458760588497,1.0,0.0,0.33803732362312244,0.04253140646335912,1.2335517936425457,0.07451748031537259,0.30294262822137613,dos,attack
dos_i10.0_r10,dos,10.0,10,3,0.9462470090105242,0.5588339373456236,2197,0.4897458760588497,1.0,0.0,0.3455826126536185,0.052143832498862085,1.2278737865377685,0.07907495566054024,0.30294262822137613,dos,attack
dos_i20.0_r1,dos,20.0,1,3,1.0305550701441408,0.5589435299216976,2197,0.46000837520938026,1.0,0.0,0.356518889394629,0.06238097405553027,1.235089327060634,0.08685285342080895,0.30294262822137613,dos,attack
dos_i20.0_r2,dos,20.0,2,3,1.0304257393299963,0.5588345954310122,2197,0.46000837520938026,1.0,0.0,0.34712608101957215,0.05261310878470642,1.2253359771425116,0.07486316269835042,0.30294262822137613,dos,attack
dos_i20.0_r3,dos,20.0,3,3,1.030358512281746,0.5587507020413066,2197,0.46000837520938026,1.0,0.0,0.34379745106964044,0.052172052799271736,1.2279758591132242,0.07948263828941242,0.30294262822137613,dos,attack
dos_i20.0_r4,dos,20.0,4,3,1.0304610180866034,0.5588724379478145,2197,0.46000837520938026,1.0,0.0,0.3534893035958125,0.06270232134729177,1.2309731432886146,0.0808030726330053,0.30294262822137613,dos,attack
dos_i20.0_r5,dos,20.0,5,3,1.0304426100432094,0.5588480865230504,2197,0.46000837520938026,1.0,0.0,0.3513108784706418,0.06158670914883933,1.23573378318942,0.09112373063582001,0.30294262822137613,dos,attack
dos_i20.0_r6,dos,20.0,6,3,1.030190343856246,0.5585810183305143,2197,0.46000837520938026,1.0,0.0,0.34666772872098317,0.0663905325443787,1.226651009134936,0.08256236142283886,0.30294262822137613,dos,attack
dos_i20.0_r7,dos,20.0,7,3,1.030486197002893,0.5588938294636091,2197,0.46000837520938026,1.0,0.0,0.3489262630860264,0.05293491124260355,1.2212078769117896,0.06570974052914372,0.30294262822137613,dos,attack
dos_i20.0_r8,dos,20.0,8,3,1.0303905059910086,0.5588072861898465,2197,0.46000837520938026,1.0,0.0,0.3512776513427401,0.06333727810650887,1.2315043166755217,0.09084460994354893,0.30294262822137613,dos,attack
dos_i20.0_r9,dos,20.0,9,3,1.0301570266567959,0.5585560348632601,2197,0.46000837520938026,1.0,0.0,0.3424733727810651,0.05142011834319527,1.2226695571549633,0.07079182105692715,0.30294262822137613,dos,attack
dos_i20.0_r10,dos,20.0,10,3,1.0304242894935776,0.5588326211794964,2197,0.46000837520938026,1.0,0.0,0.35026809285389165,0.0605725989986345,1.2280620500528021,0.08195868242483219,0.30294262822137613,dos,attack
dos_i50.0_r1,dos,50.0,1,3,1.2831221030427709,0.5589438590932675,2197,0.3891250442791357,1.0,0.0,0.37203641329085113,0.09170778334091943,1.2355165476697196,0.0933101806538697,0.30294262822137613,dos,attack
dos_i50.0_r2,dos,50.0,2,3,1.2829575930963792,0.5588345954310122,2197,0.3891250442791357,1.0,0.0,0.3649604005461994,0.0867118798361402,1.2275093710077092,0.0816085576465295,0.30294262822137613,dos,attack
dos_i50.0_r3,dos,50.0,3,3,1.2829199692830595,0.5587510309857961,2197,0.3891250442791357,1.0,0.0,0.35890168411470186,0.08173418297678653,1.2323038218523825,0.09211829087731964,0.30294262822137613,dos,attack
dos_i50.0_r4,dos,50.0,4,3,1.2830002568899972,0.5588763870274803,2197,0.3891250442791357,1.0,0.0,0.37069822485207105,0.09615020482476104,1.2327840480751837,0.09159374643583988,0.30294262822137613,dos,attack
dos_i50.0_r5,dos,50.0,5,3,1.2829815733720396,0.5588457831197609,2197,0.3891250442791357,1.0,0.0,0.36956486117432863,0.09672507965407373,1.2302660302975454,0.08822812999963377,0.30294262822137613,dos,attack
dos_i50.0_r6,dos,50.0,6,3,1.2827511070555078,0.5585783883866092,2197,0.3891250442791357,1.0,0.0,0.3624233045061447,0.09667819754210287,1.2297616033621737,0.09167962906575843,0.30294262822137613,dos,attack
dos_i50.0_r7,dos,50.0,7,3,1.2830242409198946,0.5588938294636091,2197,0.3891250442791357,1.0,0.0,0.3640864815657715,0.08175056895766955,1.2266566853705552,0.08107317815830364,0.30294262822137613,dos,attack
dos_i50.0_r8,dos,50.0,8,3,1.2829109275313353,0.5588033380866646,2197,0.3891250442791357,1.0,0.0,0.3669230769230769,0.09341465634956758,1.2262399183057489,0.08134166705905126,0.30294262822137613,dos,attack
dos_i50.0_r9,dos,50.0,9,3,1.282707633612896,0.5585557061483242,2197,0.3891250442791357,1.0,0.0,0.35850068274920344,0.0833122439690487,1.2233145225466415,0.07826523074830359,0.30294262822137613,dos,attack
dos_i50.0_r10,dos,50.0,10,3,1.2829589849151035,0.5588303179036916,2197,0.3891250442791357,1.0,0.0,0.3649135184342285,0.08939007737824306,1.2275902953611901,0.08532312924102355,0.30294262822137613,dos,attack
dos_i100.0_r1,dos,100.0,1,3,1.7040660235483285,0.8421805237472312,2900,0.4086809470124014,1.0,0.0,0.3963918980427856,0.1382162039144288,1.238499870173238,0.10520367716687858,0.30294262822137613,dos,attack
dos_i100.0_r2,dos,100.0,2,3,1.703883359004251,0.8420788234413292,2900,0.4086809470124014,1.0,0.0,0.39002275830678196,0.13276604460628127,1.236357283364685,0.098045233259565,0.30294262822137613,dos,attack
dos_i100.0_r3,dos,100.0,3,3,1.7038519661237184,0.8421619252846295,2900,0.4086809470124014,1.0,0.0,0.38740100136549843,0.1374160218479745,1.236524743694602,0.10400350153553173,0.30294262822137613,dos,attack
dos_i100.0_r4,dos,100.0,4,3,1.7038971186784102,0.842071850605943,2900,0.4086809470124014,1.0,0.0,0.39863086026399636,0.14897269003186162,1.2393944667757106,0.10686468978073549,0.30294262822137613,dos,attack
dos_i100.0_r5,dos,100.0,5,3,1.7039232467165304,0.842095674936937,2900,0.4086809470124014,1.0,0.0,0.39947064178425123,0.14904915794264906,1.2397065778571748,0.10873063885444623,0.30294262822137613,dos,attack
dos_i100.0_r6,dos,100.0,6,3,1.703690497418975,0.8421694808109897,2900,0.4086809470124014,1.0,0.0,0.3883918980427856,0.14670732817478377,1.2370780310927783,0.10737577605826125,0.30294262822137613,dos,attack
dos_i100.0_r7,dos,100.0,7,3,1.7039325725125969,0.842084924767021,2900,0.4086809470124014,1.0,0.0,0.3905380063723259,0.13228402366863906,1.235992251110671,0.10130513432632797,0.30294262822137613,dos,attack
dos_i100.0_r8,dos,100.0,8,3,1.7037984391032206,0.8420393122342794,2900,0.4086809470124014,1.0,0.0,0.39198771051433773,0.13987619481110605,1.238084681226974,0.10538608792554109,0.30294262822137613,dos,attack
dos_i100.0_r9,dos,100.0,9,3,1.7036194639389552,0.8421221157117412,2900,0.4086809470124014,1.0,0.0,0.38333363677742377,0.12950204824761036,1.2329827486020255,0.09796091263426093,0.30294262822137613,dos,attack
dos_i100.0_r10,dos,100.0,10,3,1.7038813668318389,0.8420814382843708,2900,0.4086809470124014,1.0,0.0,0.3907027765134274,0.13787938097405553,1.2366954503531071,0.10351783963502999,0.30294262822137613,dos,attack
dos_i200.0_r1,dos,200.0,1,3,2.5461341760570027,1.684300022152399,5800,0.5802320928371348,1.0,0.0,0.4418101957214383,0.2206213017751479,1.255747923422444,0.1319404339250493,0.30294262822137613,dos,attack
dos_i200.0_r2,dos,200.0,2,3,2.5456987915288303,1.683955457258584,5800,0.5802320928371348,1.0,0.0,0.4409622212107419,0.2243641329085116,1.2491871043326717,0.1257296534982395,0.30294262822137613,dos,attack
dos_i200.0_r3,dos,200.0,3,3,2.545947515793198,1.684313389230053,5800,0.5802320928371348,1.0,0.0,0.43270778334091947,0.2189954483386436,1.2495735560772137,0.12715428737724901,0.30294262822137613,dos,attack
dos_i200.0_r4,dos,200.0,4,3,2.5458905910333014,1.6841367284631072,5800,0.5802320928371348,1.0,0.0,0.4439253527537551,0.2290828402366864,1.2586127458814922,0.136387958239815,0.30294262822137613,dos,attack
dos_i200.0_r5,dos,200.0,5,3,2.545830337954783,1.6840774624295622,5800,0.5802320928371348,1.0,0.0,0.44584660901228945,0.23434729176149297,1.2556313255538771,0.13370168346072756,0.30294262822137613,dos,attack
dos_i200.0_r6,dos,200.0,6,3,2.5457297995928285,1.6842087829848431,5800,0.5802320928371348,1.0,0.0,0.43665634956759214,0.23048429676832044,1.2525087103366792,0.13341148972737119,0.30294262822137613,dos,attack
dos_i200.0_r7,dos,200.0,7,3,2.5458827027767086,1.684091988032282,5800,0.5802320928371348,1.0,0.0,0.43742102867546656,0.21872553482020937,1.2512940631427523,0.12744983344581692,0.30294262822137613,dos,attack
dos_i200.0_r8,dos,200.0,8,3,2.5454707625907416,1.6837649321651713,5800,0.5802320928371348,1.0,0.0,0.44096722803823396,0.22595493855257168,1.2535778537349391,0.1306603818163745,0.30294262822137613,dos,attack
dos_i200.0_r9,dos,200.0,9,3,2.545570506204875,1.6840577080119774,5800,0.5802320928371348,1.0,0.0,0.4379399180700956,0.2280273099681384,1.2509721986880884,0.13018358608133349,0.30294262822137613,dos,attack
dos_i200.0_r10,dos,200.0,10,3,2.546010584049023,1.684251786201659,5800,0.5802320928371348,1.0,0.0,0.44256167501137916,0.22593718707328175,1.2554679567489762,0.13288251063362266,0.30294262822137613,dos,attack
dos_i500.0_r1,dos,500.0,1,3,5.071594036048765,4.209755274564405,14500,0.7755669661959778,1.0,0.0001069747539580659,0.6006326809285389,0.22271552116522533,1.308688764113466,0.12826940786898047,0.30294262822137613,dos,attack
dos_i500.0_r2,dos,500.0,2,3,5.071076077983413,4.209183007155953,14500,0.7755669661959778,1.0,5.348737697903295e-05,0.6045926263086027,0.21504597177969959,1.3080779744219309,0.12620827976260118,0.30294262822137613,dos,attack
dos_i500.0_r3,dos,500.0,3,3,5.07156701819153,4.209936838095606,14500,0.7755669661959778,1.0,0.0001069747539580659,0.5853208921256259,0.2060723714155667,1.3052154042462512,0.12438398953379515,0.30294262822137613,dos,attack
dos_i500.0_r4,dos,500.0,4,3,5.071788005407244,4.210010781754856,14500,0.7755669661959778,1.0,5.348737697903295e-05,0.602580791989076,0.21886253982703688,1.3104073399919973,0.12746667505695122,0.30294262822137613,dos,attack
dos_i500.0_r5,dos,500.0,5,3,5.071281566521728,4.209515530110158,14500,0.7755669661959778,1.0,5.348737697903295e-05,0.6024169321802458,0.22466545289030496,1.3117725880925966,0.13089602504670508,0.30294262822137613,dos,attack
dos_i500.0_r6,dos,500.0,6,3,5.071291375804008,4.209566465104101,14500,0.7755669661959778,1.0,0.0001069747539580659,0.5979563040509785,0.22361128812016384,1.3138052833581693,0.13067012588325136,0.30294262822137613,dos,attack
dos_i500.0_r7,dos,500.0,7,3,5.071495598023548,4.209601210474913,14500,0.7755669661959778,1.0,5.348737697903295e-05,0.5972052799271734,0.2053809740555303,1.3122906986285579,0.1240181792498594,0.30294262822137613,dos,attack
dos_i500.0_r8,dos,500.0,8,3,5.071128282211692,4.20945008297686,14500,0.7755669661959778,1.0,0.0,0.6027901684114702,0.21387118798361401,1.3090277993765926,0.12594924656925066,0.30294262822137613,dos,attack
dos_i500.0_r9,dos,500.0,9,3,5.071048550596511,4.209541669512733,14500,0.7755669661959778,1.0,5.348737697903295e-05,0.5986572598998635,0.22051524806554393,1.309730344066727,0.1273492558498821,0.30294262822137613,dos,attack
dos_i500.0_r10,dos,500.0,10,3,5.072021160315065,4.210247556113133,14500,0.7755669661959778,1.0,5.348737697903295e-05,0.603145197997269,0.21472234865725992,1.3080150674838424,0.1223985408920526,0.30294262822137613,dos,attack
dos_i1000.0_r1,dos,1000.0,1,3,9.280199259702744,8.418337459179993,29000,0.8735992288227498,1.0,0.00021086877937100855,1.3516613563950841,0.8273873463814293,1.7037112350047352,0.3686651943787987,0.30294262822137613,dos,attack
dos_i1000.0_r2,dos,1000.0,2,3,9.279242804896237,8.41735862177444,29000,0.8735992288227498,1.0,0.00012049644535486203,1.3307419208010924,0.7979335457441967,1.6887793564843683,0.35671383754501335,0.30294262822137613,dos,attack
dos_i1000.0_r3,dos,1000.0,3,3,9.280704903954032,8.419028678271111,29000,0.8735992288227498,1.0,0.00021086877937100855,1.4133636777423761,0.8819299044151115,1.7158870314246366,0.3853224769048544,0.30294262822137613,dos,attack
dos_i1000.0_r4,dos,1000.0,4,3,9.280546117080561,8.418752440789719,29000,0.8735992288227498,1.0,0.00012049644535486203,1.3833090578060991,0.8869230769230769,1.7155332050011944,0.3923234416064461,0.30294262822137613,dos,attack
dos_i1000.0_r5,dos,1000.0,5,3,9.279961247471936,8.418209358988202,29000,0.8735992288227498,1.0,0.00012049644535486203,1.3593081474738282,0.7964588074647246,1.7017573922914584,0.35519852831709153,0.30294262822137613,dos,attack
dos_i1000.0_r6,dos,1000.0,6,3,9.279999122683014,8.418372231267185,29000,0.8735992288227498,1.0,0.00018074466803229305,1.3618343195266274,0.8327674101046882,1.7107192244511233,0.36864640339812166,0.30294262822137613,dos,attack
dos_i1000.0_r7,dos,1000.0,7,3,9.28080372122801,8.418825050618793,29000,0.8735992288227498,1.0,0.00012049644535486203,1.3456531634046427,0.8239098771051433,1.7047849372623727,0.36504771688670545,0.30294262822137613,dos,attack
dos_i1000.0_r8,dos,1000.0,8,3,9.280310591040868,8.418435624500486,29000,0.8735992288227498,1.0,3.0124111338715508e-05,1.352025489303596,0.8376058261265361,1.710607815899545,0.3704703765858986,0.30294262822137613,dos,attack
dos_i1000.0_r9,dos,1000.0,9,3,9.280154489999335,8.418557852623865,29000,0.8735992288227498,1.0,0.00012049644535486203,1.4535548475193445,0.8867364588074647,1.7405383427043866,0.38931324274131196,0.30294262822137613,dos,attack
dos_i1000.0_r10,dos,1000.0,10,3,9.280638736196968,8.418729205908937,29000,0.8735992288227498,1.0,0.00012049644535486203,1.3565179790623576,0.8499408284023668,1.6936976171125948,0.3732996995028628,0.30294262822137613,dos,attack
ddos_i1.0_r1,ddos,1.0,1,3,1.704071651980518,0.8423171313784046,2900,0.4086809470124014,1.0,0.0,0.39129904415111516,0.14158852981338188,1.2222873096806122,0.07886284327112729,0.30294262822137613,ddos,attack
ddos_i1.0_r2,ddos,1.0,2,3,1.7040565965169407,0.842304050005936,2900,0.4086809470124014,1.0,0.0,0.39195994538006373,0.1389654073736914,1.2223007135385375,0.07962237717054081,0.30294262822137613,ddos,attack
ddos_i1.0_r3,ddos,1.0,3,3,1.7037955060621441,0.8423063755535677,2900,0.4086809470124014,1.0,0.0,0.38659717796995907,0.1408192990441511,1.2218912853213764,0.08216873186529174,0.30294262822137613,ddos,attack
ddos_i1.0_r4,ddos,1.0,4,3,1.703883143077858,0.8420308875300325,2900,0.4086809470124014,1.0,0.0,0.3974474283113336,0.14278425125170688,1.2237781503776965,0.081853715934477,0.30294262822137613,ddos,attack
ddos_i1.0_r5,ddos,1.0,5,3,1.7036740950905787,0.8421566946150265,2900,0.4086809470124014,1.0,0.0,0.3799358215748748,0.13013336367774236,1.2175294538793366,0.07500054651327044,0.30294262822137613,ddos,attack
ddos_i2.0_r1,ddos,2.0,1,4,2.546119457253093,0.8422784698294903,2900,0.2901160464185674,1.0,0.0,0.5056486117432863,0.35495175238962223,1.6091571845033297,0.4624189725801642,0.30294262822137613,ddos,attack
ddos_i2.0_r2,ddos,2.0,2,4,2.542379542198662,0.8419614627659116,2900,0.2901160464185674,1.0,0.002501000400160064,0.5083386436049158,0.35290304961310875,1.6305659818240592,0.5311117294197689,0.30294262822137613,ddos,attack
ddos_i2.0_r3,ddos,2.0,3,4,2.5424616475551716,0.8421674466174794,2900,0.2901160464185674,1.0,0.002501000400160064,0.5037596722803823,0.3503390987710514,1.569079432396224,0.4437284928336924,0.30294262822137613,ddos,attack
ddos_i2.0_r4,ddos,2.0,4,4,2.5461565393563887,0.8423127708757686,2900,0.2901160464185674,1.0,0.0,0.5109057806099226,0.37420573509330907,1.6114663043061954,0.4539229854974652,0.30294262822137613,ddos,attack
ddos_i2.0_r5,ddos,2.0,5,4,2.542259549178546,0.8419466497585557,2900,0.2901160464185674,1.0,0.002501000400160064,0.49385070550751015,0.3323827947200728,1.5499311112427363,0.44009932686592523,0.30294262822137613,ddos,attack
ddos_i3.0_r1,ddos,3.0,1,5,3.388182917946432,0.8422581230713378,2900,0.2248759305210918,1.0,0.0010080645161290322,0.6317341829767865,0.5950705507510241,1.9307451830753113,0.7725312958697801,0.30294262822137613,ddos,attack
ddos_i3.0_r2,ddos,3.0,2,5,3.384871547051028,0.8423528892030393,2900,0.2248759305210918,1.0,0.0019385856079404467,0.6643195266272189,0.6427264451524807,2.0239063113890454,0.8500334449525351,0.30294262822137613,ddos,attack
ddos_i3.0_r3,ddos,3.0,3,5,3.380294129310164,0.841887402941004,2900,0.2248759305210918,1.0,0.003954714640198511,0.7381838871187983,0.7739918070095585,2.1559143602330177,0.8859985630338724,0.30294262822137613,ddos,attack
ddos_i3.0_r4,ddos,3.0,4,5,3.3882003146407174,0.8425744809686789,2900,0.2248759305210918,1.0,0.0,0.6619890760127447,0.6389076012744652,1.9591248749393138,0.7860408305997206,0.30294262822137613,ddos,attack
ddos_i3.0_r5,ddos,3.0,5,5,3.38894782905254,0.8429548318866978,2900,0.2248759305210918,1.0,0.0,0.6440600819299044,0.6194902139280837,1.9707528692261942,0.7925380427856168,0.30294262822137613,ddos,attack
ddos_i5.0_r1,ddos,5.0,1,7,5.065502360776885,0.8426944200551681,2900,0.15511339323919554,1.0,0.00796961916987591,1.103272644515248,1.1951661356395085,3.114292723192084,1.5433805165378556,0.30294262822137613,ddos,attack
ddos_i5.0_r2,ddos,5.0,2,7,5.069026996656242,0.8422171418711987,2900,0.15511339323919554,0.9995448338643604,0.0013906718014548567,1.348670309653916,1.3678825136612023,3.411056958826574,1.763049650163209,0.30294262822137613,ddos,attack
ddos_i5.0_r3,ddos,5.0,3,7,5.073268485703984,0.8432062609518342,2900,0.15511339323919554,1.0,0.004492939666238768,1.566772872098316,1.6107237141556667,3.7554205245278056,1.8390298467016293,0.30294262822137613,ddos,attack
ddos_i5.0_r4,ddos,5.0,4,7,5.069566342291073,0.8429350346946042,2900,0.15511339323919554,0.9995448338643604,0.0013906718014548567,1.1297540983606558,1.29893897996357,2.9515296911177273,1.4685150780971732,0.30294262822137613,ddos,attack
ddos_i5.0_r5,ddos,5.0,5,7,5.068962880953614,0.8424072585418924,2900,0.15511339323919554,1.0,0.007006846384253316,1.078215748748293,1.165980883022303,2.956186827563979,1.5168010718440539,0.30294262822137613,ddos,attack
ddos_i8.0_r1,ddos,8.0,1,10,7.571663536133782,0.8434361113535213,2900,0.10585486932398891,0.8903049613108784,0.01237406920718353,3.8998415132924333,2.4616002044989775,5.603867736594898,2.678223115525342,0.30294262822137613,ddos,attack
ddos_i8.0_r2,ddos,8.0,2,10,7.601289918815996,0.843648736497047,2900,0.10585486932398891,1.0,0.005037231712658782,2.3294902139280835,1.9473645880746473,4.939568981225937,2.6103928407490518,0.30294262822137613,ddos,attack
ddos_i8.0_r3,ddos,8.0,3,10,7.600844441298123,0.8428221221564317,2900,0.10585486932398891,0.9995448338643604,0.00686231566652066,2.6060154826958106,2.0231329690346085,5.247864069621453,2.737646257888719,0.30294262822137613,ddos,attack
ddos_i8.0_r4,ddos,8.0,4,10,7.606312081103334,0.8445652978838114,2900,0.10585486932398891,1.0,0.011826544021024968,6.331770596267638,2.5412335002275834,7.3635413125859035,3.2030359221492675,0.30294262822137613,ddos,attack
ddos_i8.0_r5,ddos,8.0,5,10,7.603326462441792,0.843855556214447,2900,0.10585486932398891,1.0,0.011461527230252592,2.660368684569868,2.1105097860719164,5.083978210532489,2.5865542663591397,0.30294262822137613,ddos,attack
blackhole_i1.0_r1,blackhole,1.0,1,2,0.8618858289718916,0.5589432007505154,2197,0.5235938989513823,0.0,0.0,,,1.5711206039979482,0.042831588529813384,0.30294262822137613,blackhole,attack
blackhole_i1.0_r2,blackhole,1.0,2,2,0.8617936762908427,0.5588510480694666,2197,0.5235938989513823,0.0,0.0,,,1.5695218329465144,0.04460992262175694,0.30294262822137613,blackhole,attack
blackhole_i1.0_r3,blackhole,1.0,3,2,0.861696290777032,0.558753662555656,2197,0.5235938989513823,0.0,0.0,,,1.5663866486042295,0.035822257624032766,0.30294262822137613,blackhole,attack
blackhole_i1.0_r4,blackhole,1.0,4,2,0.8618160534338748,0.5588734252124987,2197,0.5235938989513823,0.0,0.0,,,1.5754660750948986,0.05065361857077833,0.30294262822137613,blackhole,attack
blackhole_i1.0_r5,blackhole,1.0,5,2,0.8617933472285799,0.5588507190072037,2197,0.5235938989513823,0.0,0.0,,,1.5783531938932598,0.05151388256713701,0.30294262822137613,blackhole,attack
blackhole_i1.0_r6,blackhole,1.0,6,2,0.86152167409164,0.5585790458702639,2197,0.5235938989513823,0.0,0.0,,,1.5696190109164734,0.04673441055985435,0.30294262822137613,blackhole,attack
blackhole_i1.0_r7,blackhole,1.0,7,2,0.8618453438729419,0.5589027156515657,2197,0.5235938989513823,0.0,0.0,,,1.5710313914353629,0.04409877105143377,0.30294262822137613,blackhole,attack
blackhole_i1.0_r8,blackhole,1.0,8,2,0.8617538625701939,0.5588112343488179,2197,0.5235938989513823,0.0,0.0,,,1.5678311183356815,0.041332043695949026,0.30294262822137613,blackhole,attack
blackhole_i1.0_r9,blackhole,1.0,9,2,0.8615032651343633,0.5585606369129871,2197,0.5235938989513823,0.0,0.0,,,1.5636540587089176,0.0373352298588985,0.30294262822137613,blackhole,attack
blackhole_i1.0_r10,blackhole,1.0,10,2,0.8617752494008726,0.5588326211794964,2197,0.5235938989513823,0.0,0.0,,,1.5702623882491997,0.045994993172507964,0.30294262822137613,blackhole,attack
greyhole_i0.1_r1,greyhole,0.1,1,3,1.3614632195443417,0.5589432007505154,2197,0.35659795487745494,0.8930359581247155,0.0004869339392955689,0.5214016309887869,0.10895871559633027,1.2244593107645803,0.06830713065773596,0.30294262822137613,greyhole,attack
greyhole_i0.1_r2,greyhole,0.1,2,3,1.3658280847003732,0.5588510480694666,2197,0.35561670443509225,0.9012289485662267,0.0003237293622531564,0.5107121212121212,0.10846010101010102,1.216418519840694,0.06606885782418327,0.30294262822137613,greyhole,attack
greyhole_i0.1_r3,greyhole,0.1,3,3,1.3620830790556682,0.558753662555656,2197,0.3564822326788902,0.8948566226672735,0.00016225864027259452,0.5094760935910478,0.11004628687690743,1.2124841316320005,0.05856041454537484,0.30294262822137613,greyhole,attack
greyhole_i0.1_r4,greyhole,0.1,4,3,1.3660565922067878,0.5588734252124987,2197,0.3555591519663376,0.9016841147018662,0.0003236769703835572,0.5223674911660778,0.12409893992932863,1.2271667898738972,0.07789521635938933,0.30294262822137613,greyhole,attack
greyhole_i0.1_r5,greyhole,0.1,5,3,1.3617423769969628,0.5588507190072037,2197,0.35659795487745494,0.8939462903959945,0.00016231131309852296,0.5258350305498981,0.1308640529531568,1.2231276735070717,0.07348207014687991,0.30294262822137613,greyhole,attack
greyhole_i0.1_r6,greyhole,0.1,6,3,1.3609721711179632,0.5585790458702639,2197,0.3567137522325053,0.893491124260355,0.0,0.504649516046867,0.1123520122261844,1.2125804765167578,0.06703161445318269,0.30294262822137613,greyhole,attack
greyhole_i0.1_r7,greyhole,0.1,7,3,1.3610143976554125,0.5589027156515657,2197,0.35682962481728114,0.8921256258534365,0.00016241676140977748,0.5239642857142857,0.1171969387755102,1.2220355742195828,0.06856223251248611,0.30294262822137613,greyhole,attack
greyhole_i0.1_r8,greyhole,0.1,8,3,1.3651765044998112,0.5588112343488179,2197,0.35584710074505993,0.9003186162949477,0.0,0.5054241658240648,0.10724165824064713,1.218421457484821,0.07014063467678679,0.30294262822137613,greyhole,attack
greyhole_i0.1_r9,greyhole,0.1,9,3,1.3652414315335624,0.5585606369129871,2197,0.3557318652849741,0.9012289485662267,0.0,0.5096464646464648,0.12104292929292929,1.2155837076005562,0.06872118277295793,0.30294262822137613,greyhole,attack
greyhole_i0.1_r10,greyhole,0.1,10,3,1.3623915526283739,0.5588161696259875,2197,0.35636658556366585,0.8953117888029131,0.00032441200324412003,0.5204168784951703,0.1268418912048805,1.2202886991383513,0.07242810422957403,0.30294262822137613,greyhole,attack
greyhole_i0.2_r1,greyhole,0.2,1,3,1.3075900888669978,0.5589432007505154,2197,0.36936785474108946,0.7965407373691398,0.0003362474781439139,0.5148988571428572,0.10372400000000001,1.2217333823562193,0.06873579547868305,0.30294262822137613,greyhole,attack
greyhole_i0.2_r2,greyhole,0.2,2,3,1.312873699413361,0.5588510480694666,2197,0.3680067001675042,0.8065543923532089,0.00033500837520938025,0.5183972911963882,0.1126546275395034,1.2167109365385296,0.06295239215662099,0.30294262822137613,greyhole,attack
greyhole_i0.2_r3,greyhole,0.2,3,3,1.3081274187855585,0.558753662555656,2197,0.36918165014283316,0.7983614019116978,0.00016803898504453034,0.5203933865450399,0.12562257696693274,1.2163455020795686,0.06425835254079065,0.30294262822137613,greyhole,attack
greyhole_i0.2_r4,greyhole,0.2,4,3,1.3108191173037782,0.5588734252124987,2197,0.36850050318685007,0.8029130632680929,0.0003354579000335458,0.5142012471655328,0.10870634920634921,1.22134335821418,0.06859032759920335,0.30294262822137613,greyhole,attack
greyhole_i0.2_r5,greyhole,0.2,5,3,1.3105717539926407,0.5588507190072037,2197,0.36868602114448734,0.8024578971324533,0.0,0.522583664208735,0.12052977878615995,1.224883059358758,0.07530677044351287,0.30294262822137613,greyhole,attack
greyhole_i0.2_r6,greyhole,0.2,6,3,1.3065236706780072,0.5585790458702639,2197,0.3695542472666106,0.7960855712335002,0.0,0.5086643796455117,0.11726758147512865,1.213996597792167,0.06915913768788616,0.30294262822137613,greyhole,attack
greyhole_i0.2_r7,greyhole,0.2,7,3,1.31135217036583,0.5589027156515657,2197,0.36850050318685007,0.8033682294037323,0.0001677289500167729,0.520043059490085,0.1093342776203966,1.2190783698477774,0.06317818357335932,0.30294262822137613,greyhole,attack
greyhole_i0.2_r8,greyhole,0.2,8,3,1.3117292068227537,0.5588112343488179,2197,0.36837692823608315,0.8047337278106509,0.0,0.5035509049773755,0.09615101809954751,1.2152965061754328,0.06257347697841086,0.30294262822137613,greyhole,attack
greyhole_i0.2_r9,greyhole,0.2,9,3,1.3075973441805544,0.5585606369129871,2197,0.36930576567490336,0.7979062357760582,0.0,0.5199212778094695,0.12653051911009697,1.2210931545007417,0.06645358071383449,0.30294262822137613,greyhole,attack
greyhole_i0.2_r10,greyhole,0.2,10,3,1.3082092706936392,0.5588326211794964,2197,0.369119623655914,0.7983614019116978,0.0003360215053763441,0.5281864310148233,0.12661288483466362,1.222374984510173,0.07156433135817873,0.30294262822137613,greyhole,attack
greyhole_i0.3_r1,greyhole,0.3,1,3,1.2479930621153092,0.5589432007505154,2197,0.38449422471123557,0.6900318616294948,0.00035001750087504374,0.5204228232189974,0.10625263852242743,1.2224848849308332,0.06690927732267836,0.30294262822137613,greyhole,attack
greyhole_i0.3_r2,greyhole,0.3,2,3,1.2593982864120998,0.5588378858812036,2197,0.38148984198645597,0.7109695038689121,0.00017364125716270185,0.5156376440460948,0.11041741357234314,1.217427679856813,0.06404309780282778,0.30294262822137613,greyhole,attack
greyhole_i0.3_r3,greyhole,0.3,3,3,1.2556340592387387,0.558753662555656,2197,0.3824860724233983,0.7041420118343196,0.00017409470752089137,0.5264557207498384,0.12661667744020685,1.2183247083074462,0.06408736767351456,0.30294262822137613,greyhole,attack
greyhole_i0.3_r4,greyhole,0.3,4,3,1.2533883752886712,0.5588734252124987,2197,0.3831531217300314,0.700045516613564,0.0,0.5214837451235371,0.11841287386215865,1.2239068004860256,0.07142680683889585,0.30294262822137613,greyhole,attack
greyhole_i0.3_r5,greyhole,0.3,5,3,1.2501216784462,0.5588507190072037,2197,0.38395665851101013,0.6945835229858899,0.0,0.5032470511140237,0.11346133682830929,1.218220407413821,0.0717762944942794,0.30294262822137613,greyhole,attack
greyhole_i0.3_r6,greyhole,0.3,6,3,1.2458832266308033,0.5585790458702639,2197,0.38496583143507973,0.6877560309512972,0.0,0.5138464592984778,0.13081336863004633,1.2162979221735306,0.07432422559250672,0.30294262822137613,greyhole,attack
greyhole_i0.3_r7,greyhole,0.3,7,3,1.2594916104552463,0.5589027156515657,2197,0.3816223727635921,0.7105143377332727,0.0,0.5246265214606022,0.1099724535554132,1.2221982099250381,0.06500204528315018,0.30294262822137613,greyhole,attack
greyhole_i0.3_r8,greyhole,0.3,8,3,1.2564980069383185,0.5588112343488179,2197,0.3822864103010266,0.7059626763768776,0.0,0.5154564796905222,0.1114822695035461,1.2182454589359826,0.0654737590804568,0.30294262822137613,greyhole,attack
greyhole_i0.3_r9,greyhole,0.3,9,3,1.255272985172426,0.5585606369129871,2197,0.3825526728190841,0.7041420118343196,0.0,0.5111150614091791,0.11672592113768586,1.2138253260329162,0.06487768908200514,0.30294262822137613,greyhole,attack
greyhole_i0.3_r10,greyhole,0.3,10,3,1.2595929598822253,0.5588326211794964,2197,0.3813574032286061,0.7114246700045517,0.0003471619510501649,0.5226442738323737,0.1227703134996801,1.2223103328139446,0.07364153827322063,0.30294262822137613,greyhole,attack
greyhole_i0.4_r1,greyhole,0.4,1,3,1.1955253365305432,0.5589432007505154,2197,0.39887436456063907,0.596267637687756,0.00036310820624546115,0.5321603053435114,0.1218709923664122,1.2251737406776935,0.07037119863890269,0.30294262822137613,greyhole,attack
greyhole_i0.4_r2,greyhole,0.4,2,3,1.203416997546191,0.5588510480694666,2197,0.3966419931395559,0.6108329540282204,0.00018053800324968405,0.5165305514157973,0.1083263785394933,1.2178046662763602,0.06396435345945482,0.30294262822137613,greyhole,attack
greyhole_i0.4_r3,greyhole,0.4,3,3,1.2021563371907555,0.558753662555656,2197,0.3970721127778782,0.6085571233500228,0.0,0.5403275991024682,0.14210321615557217,1.2235299149135346,0.07064721072580671,0.30294262822137613,greyhole,attack
greyhole_i0.4_r4,greyhole,0.4,4,3,1.1970591049998025,0.5588734252124987,2197,0.39851260656629783,0.5994538006372326,0.0,0.5033659832953683,0.11362642369020502,1.2199912000101514,0.0746776290164437,0.30294262822137613,greyhole,attack
greyhole_i0.4_r5,greyhole,0.4,5,3,1.1933738292577796,0.5588507190072037,2197,0.39952718676122934,0.5930814747382794,0.0,0.5081059094397544,0.11876362240982348,1.2177171319991087,0.06927350605892614,0.30294262822137613,greyhole,attack
greyhole_i0.4_r6,greyhole,0.4,6,3,1.1899205915820832,0.5585790458702639,2197,0.40040094769455076,0.5876194811106054,0.0,0.5110650658404337,0.12034004647560032,1.2150130304382365,0.07024261600772173,0.30294262822137613,greyhole,attack
greyhole_i0.4_r7,greyhole,0.4,7,3,1.205836352030787,0.5589027156515657,2197,0.396069947719488,0.6149294492489759,0.0,0.5120658771280533,0.1264381939304219,1.2225669346104258,0.07490164042863556,0.30294262822137613,greyhole,attack
greyhole_i0.4_r8,greyhole,0.4,8,3,1.2027985239380843,0.5588112343488179,2197,0.39685693641618497,0.6099226217569412,0.0,0.5143059701492537,0.10675223880597015,1.2194747610961758,0.06687462731857326,0.30294262822137613,greyhole,attack
greyhole_i0.4_r9,greyhole,0.4,9,3,1.1922236484429933,0.5585606369129871,2197,0.39981801637852593,0.5912608101957214,0.0,0.5202340261739801,0.12281678214010776,1.217184204137645,0.06733067370077632,0.30294262822137613,greyhole,attack
greyhole_i0.4_r10,greyhole,0.4,10,3,1.2048687326184344,0.5588326211794964,2197,0.39614136314460874,0.6135639508420574,0.0003606202668589975,0.518440652818991,0.11385089020771513,1.2205451446230173,0.06970951385015174,0.30294262822137613,greyhole,attack
greyhole_i0.5_r1,greyhole,0.5,1,3,1.139497383857184,0.5589432007505154,2197,0.4156261823685206,0.49613108784706417,0.0,0.5499981651376147,0.13618715596330275,1.2321548934568842,0.07568065265534459,0.30294262822137613,greyhole,attack
greyhole_i0.5_r2,greyhole,0.5,2,3,1.1451204393490435,0.5588510480694666,2197,0.4137476459510358,0.5065999089667729,0.00018832391713747646,0.5327259658580413,0.11878526504941599,1.2214911061989229,0.06518179749864465,0.30294262822137613,greyhole,attack
greyhole_i0.5_r3,greyhole,0.5,3,3,1.1456938356911306,0.558753662555656,2197,0.41366974204481266,0.5075102412380519,0.0,0.5294242152466369,0.11976412556053811,1.2189989280630928,0.061623999978228226,0.30294262822137613,greyhole,attack
greyhole_i0.5_r4,greyhole,0.5,4,3,1.1445037322433231,0.5588734252124987,2197,0.4140595552205051,0.5052344105598543,0.0,0.5203081081081081,0.13564144144144144,1.221195698297754,0.07480537806809996,0.30294262822137613,greyhole,attack
greyhole_i0.5_r5,greyhole,0.5,5,3,1.1335706832126753,0.5588507190072037,2197,0.4173632218844985,0.48611743286299497,0.0,0.5076404494382022,0.12693539325842695,1.2158013960526042,0.0693028461521414,0.30294262822137613,greyhole,attack
greyhole_i0.5_r6,greyhole,0.5,6,3,1.1377735907412305,0.5585790458702639,2197,0.41594093146535405,0.49431042330450614,0.0,0.537013812154696,0.16097974217311234,1.2278292033486347,0.08911432158311755,0.30294262822137613,greyhole,attack
greyhole_i0.5_r7,greyhole,0.5,7,3,1.1472738561934042,0.5589027156515657,2197,0.4132029339853301,0.5102412380518889,0.0,0.5029000892060661,0.1154727921498662,1.213968962214036,0.06601831654578304,0.30294262822137613,greyhole,attack
greyhole_i0.5_r8,greyhole,0.5,8,3,1.1419407637735584,0.5587914941118426,2197,0.414763073437795,0.5011379153390988,0.0,0.5288483197093551,0.11938328792007266,1.2274171889498462,0.07371234768023056,0.30294262822137613,greyhole,attack
greyhole_i0.5_r9,greyhole,0.5,9,3,1.1405422769183442,0.5585606369129871,2197,0.4151549508692366,0.4988620846609012,0.0,0.5357883211678832,0.13960310218978103,1.2232668601991843,0.07480048786389758,0.30294262822137613,greyhole,attack
greyhole_i0.5_r10,greyhole,0.5,10,3,1.144294544752313,0.5588326211794964,2197,0.4139035418236624,0.5052344105598543,0.00037678975131876413,0.5239837837837837,0.11678198198198197,1.2211048865028002,0.06984828014177126,0.30294262822137613,greyhole,attack
greyhole_i0.6_r1,greyhole,0.6,1,3,1.0895750202085743,0.5589432007505154,2197,0.43163064833005893,0.4069185252617205,0.0,0.5320234899328858,0.1248020134228188,1.2266430801622719,0.07257427150507251,0.30294262822137613,greyhole,attack
greyhole_i0.6_r2,greyhole,0.6,2,3,1.0850452804197106,0.5588510480694666,2197,0.43299172250689794,0.3991807009558489,0.00019708316909735908,0.5426088939566704,0.12883010262257696,1.224402772567105,0.06686083074826303,0.30294262822137613,greyhole,attack
greyhole_i0.6_r3,greyhole,0.6,3,3,1.091947137131429,0.558753662555656,2197,0.4307843137254902,0.41147018661811563,0.0,0.5125519911504425,0.1138528761061947,1.2137893579918837,0.0607966573820831,0.30294262822137613,greyhole,attack
greyhole_i0.6_r4,greyhole,0.6,4,3,1.0890934187094106,0.5588734252124987,2197,0.4318003144654088,0.4060081929904415,0.0,0.4993486547085202,0.11110100896860986,1.2175455816054626,0.0721825089825574,0.30294262822137613,greyhole,attack
greyhole_i0.6_r5,greyhole,0.6,5,3,1.0798781308809393,0.5588507190072037,2197,0.4347912131407085,0.3900773782430587,0.0,0.49538506417736283,0.09945227537922988,1.212331652247709,0.06232220437083417,0.30294262822137613,greyhole,attack
greyhole_i0.6_r6,greyhole,0.6,6,3,1.0737734202341027,0.5585790458702639,2197,0.436779324055666,0.37960855712335,0.0,0.5255971223021583,0.1432314148681055,1.2234920060180285,0.08165701994617323,0.30294262822137613,greyhole,attack
greyhole_i0.6_r7,greyhole,0.6,7,3,1.0923317316991856,0.5589027156515657,2197,0.4306998627720055,0.41192535275375514,0.0,0.5466132596685083,0.15450828729281768,1.2272910431586552,0.07727973102447587,0.30294262822137613,greyhole,attack
greyhole_i0.6_r8,greyhole,0.6,8,3,1.0847054471659192,0.5588112343488179,2197,0.43316246056782337,0.3987255348202094,0.0,0.5383367579908676,0.12680593607305937,1.2263660736265998,0.0707207770524217,0.30294262822137613,greyhole,attack
greyhole_i0.6_r9,greyhole,0.6,9,3,1.0873260469605277,0.5585606369129871,2197,0.4322250639386189,0.40373236231224396,0.0,0.5340800450958287,0.13154678692220967,1.2225998775667606,0.07077458517191544,0.30294262822137613,greyhole,attack
greyhole_i0.6_r10,greyhole,0.6,10,3,1.0908435987301053,0.5588326211794964,2197,0.4309533150255002,0.4096495220755576,0.00039231071008238524,0.5412877777777778,0.13750666666666667,1.2299085391814233,0.08011548272897386,0.30294262822137613,greyhole,attack
greyhole_i0.7_r1,greyhole,0.7,1,3,1.0319709847135385,0.5589432007505154,2197,0.4516858552631579,0.3040509786071916,0.0,0.5336032934131737,0.16056437125748504,1.2277589697459759,0.08697252672624711,0.30294262822137613,greyhole,attack
greyhole_i0.7_r2,greyhole,0.7,2,3,1.0309393153279354,0.5588510480694666,2197,0.4520576131687243,0.3022303140646336,0.0,0.522465361445783,0.12436490963855419,1.2194990643397616,0.06954494105232947,0.30294262822137613,greyhole,attack
greyhole_i0.7_r3,greyhole,0.7,3,3,1.0346381081613023,0.558753662555656,2197,0.45066666666666666,0.30905780609922623,0.0,0.546621502209131,0.15808836524300443,1.224616200018274,0.07381112705793973,0.30294262822137613,greyhole,attack
greyhole_i0.7_r4,greyhole,0.7,4,3,1.035332643828627,0.5588734252124987,2197,0.45048185359852366,0.30996813837050524,0.0,0.5140807635829662,0.12350014684287813,1.2238258794657504,0.07692350517581599,0.30294262822137613,greyhole,attack
greyhole_i0.7_r5,greyhole,0.7,5,3,1.0256750282928966,0.5588507190072037,2197,0.45392561983471075,0.29312699135184345,0.0,0.5024549689440994,0.11210590062111801,1.215341298852552,0.06681864112647494,0.30294262822137613,greyhole,attack
greyhole_i0.7_r6,greyhole,0.7,6,3,1.0206591724265903,0.5585790458702639,2197,0.4557145820369218,0.28447883477469277,0.0,0.5409728,0.1612048,1.2239193105093285,0.08308950775299652,0.30294262822137613,greyhole,attack
greyhole_i0.7_r7,greyhole,0.7,7,3,1.0368102222604898,0.5589027156515657,2197,0.4499283227524063,0.3126991351843423,0.0,0.5085254730713246,0.12430800582241631,1.2179427094985107,0.07132736895643281,0.30294262822137613,greyhole,attack
greyhole_i0.7_r8,greyhole,0.7,8,3,1.031804640443369,0.5588112343488179,2197,0.4516858552631579,0.3040509786071916,0.0,0.5514056886227545,0.15523053892215566,1.2300271934260623,0.07932172568835928,0.30294262822137613,greyhole,attack
greyhole_i0.7_r9,greyhole,0.7,9,3,1.031544523897873,0.5585606369129871,2197,0.4516858552631579,0.3040509786071916,0.0,0.5292365269461078,0.14532185628742514,1.2207332094777095,0.07553377609823593,0.30294262822137613,greyhole,attack
greyhole_i0.7_r10,greyhole,0.7,10,3,1.0353591768150008,0.5588326211794964,2197,0.4502049180327869,0.31042330450614475,0.0004098360655737705,0.542425219941349,0.12379589442815248,1.2263729543586903,0.0700753421421106,0.30294262822137613,greyhole,attack
greyhole_i0.8_r1,greyhole,0.8,1,3,0.9709574963297339,0.5589432007505154,2197,0.4751297577854671,0.1948111060537096,0.0,0.5746401869158879,0.16926448598130842,1.2402173303931405,0.08759916184204743,0.30294262822137613,greyhole,attack
greyhole_i0.8_r2,greyhole,0.8,2,3,0.9754065603428658,0.5588510480694666,2197,0.47328737613097804,0.20300409649522075,0.0,0.5618183856502241,0.18011928251121076,1.2300758499833904,0.08299090633851161,0.30294262822137613,greyhole,attack
greyhole_i0.8_r3,greyhole,0.8,3,3,0.9745566754704427,0.558753662555656,2197,0.47359344686354815,0.20163859808830223,0.0,0.5913160270880361,0.23131602708803609,1.239370390757002,0.09826146434720305,0.30294262822137613,greyhole,attack
greyhole_i0.8_r4,greyhole,0.8,4,3,0.9768377994818325,0.5588734252124987,2197,0.47277813643210675,0.2052799271734183,0.0,0.58209977827051,0.19760177383592017,1.2422840459455764,0.09646413247117534,0.30294262822137613,greyhole,attack
greyhole_i0.8_r5,greyhole,0.8,5,3,0.9699301760225609,0.5588507190072037,2197,0.47554112554112554,0.19299044151115158,0.0,0.5230070754716981,0.13956108490566038,1.2209574387465187,0.07514348407491062,0.30294262822137613,greyhole,attack
greyhole_i0.8_r6,greyhole,0.8,6,3,0.97107954607503,0.5585790458702639,2197,0.4751297577854671,0.1948111060537096,0.0,0.520247663551402,0.13496845794392523,1.2176985360020351,0.07481015052386646,0.30294262822137613,greyhole,attack
greyhole_i0.8_r7,greyhole,0.8,7,3,0.983522550654044,0.5589027156515657,2197,0.47014765675155146,0.2171142467000455,0.0,0.5637106918238994,0.20123228511530397,1.2381073166293568,0.10028286002098663,0.30294262822137613,greyhole,attack
greyhole_i0.8_r8,greyhole,0.8,8,3,0.9746008042940086,0.5588112343488179,2197,0.47359344686354815,0.20163859808830223,0.0,0.5270902934537246,0.14559029345372462,1.224982598799092,0.07981245254404991,0.30294262822137613,greyhole,attack
greyhole_i0.8_r9,greyhole,0.8,9,3,0.9755395519786145,0.5585606369129871,2197,0.473083548664944,0.20391442876649976,0.0,0.5646339285714286,0.1920794642857143,1.232832449558248,0.09184851813620305,0.30294262822137613,greyhole,attack
greyhole_i0.8_r10,greyhole,0.8,10,3,0.974763187042285,0.5588161696259875,2197,0.4733893557422969,0.20209376422394174,0.00021547080370609782,0.5713040540540542,0.14658918918918917,1.2405921621489517,0.0809510618492867,0.30294262822137613,greyhole,attack
greyhole_i0.9_r1,greyhole,0.9,1,3,0.9175887608639138,0.5589432007505154,2197,0.4977344811961939,0.09922621756941284,0.0,0.5496422018348623,0.15441605504587155,1.2292475878316154,0.07815871232525866,0.30294262822137613,greyhole,attack
greyhole_i0.9_r2,greyhole,0.9,2,3,0.9139704929887503,0.5588510480694666,2197,0.4993181818181818,0.09285389167045972,0.0,0.5293333333333333,0.1528862745098039,1.2205875083144162,0.07633016918495511,0.30294262822137613,greyhole,attack
greyhole_i0.9_r3,greyhole,0.9,3,3,0.917234809655505,0.558753662555656,2197,0.4977344811961939,0.09922621756941284,0.0,0.5956926605504588,0.17513899082568807,1.2415781685929816,0.08059586752299146,0.30294262822137613,greyhole,attack
greyhole_i0.9_r4,greyhole,0.9,4,3,0.9212400557575602,0.5588734252124987,2197,0.4960487694739219,0.10605370960400547,0.0,0.5877725321888412,0.15869055793991416,1.2483165205865374,0.08897332055742548,0.30294262822137613,greyhole,attack
greyhole_i0.9_r5,greyhole,0.9,5,3,0.9203793043478657,0.5588507190072037,2197,0.4966094032549729,0.10377787892580792,0.0,0.519890350877193,0.11830877192982456,1.2224366613327533,0.06969585372930125,0.30294262822137613,greyhole,attack
greyhole_i0.9_r6,greyhole,0.9,6,3,0.916045602971617,0.5585790458702639,2197,0.49829893399863917,0.0969503868912153,0.0,0.5552629107981221,0.1713136150234742,1.2310496964027398,0.08813700685883369,0.30294262822137613,greyhole,attack
greyhole_i0.9_r7,greyhole,0.9,7,3,0.926892907246487,0.5589027156515657,2197,0.4935969445068524,0.11606736458807465,0.0,0.5526823529411765,0.18128549019607845,1.2330518985554162,0.09247598573217787,0.30294262822137613,greyhole,attack
greyhole_i0.9_r8,greyhole,0.9,8,3,0.920342568205583,0.5588112343488179,2197,0.4963849977406236,0.10468821119708693,0.0,0.5413739130434783,0.14936347826086957,1.2274996845582622,0.08001207126978159,0.30294262822137613,greyhole,attack
greyhole_i0.9_r9,greyhole,0.9,9,3,0.917344429932142,0.5585606369129871,2197,0.49762174405436016,0.09968138370505235,0.0,0.5752785388127853,0.20216712328767122,1.2349514313061256,0.09353105293020993,0.30294262822137613,greyhole,attack
greyhole_i0.9_r10,greyhole,0.9,10,3,0.9170064990326406,0.5588326211794964,2197,0.4978472694312259,0.09877105143377332,0.0,0.6470184331797235,0.19810599078341012,1.2667815857476614,0.10009586735717675,0.30294262822137613,greyhole,attack
